sitename,depthname,quadrat,species,colony,depth (m),fate_prior,fate_t,year,area (cmsq),perimeter (cm),yearNext,areaNext(cmsq),perimeterNext(cm),survival,fission,fissionproducts,offspringType,spcover,totalcover
Olow,03m,1,MC,01a,3,NA,I,1999,72.715252,60.516934,2000,0.67,3.261354,NA,NA,2,clonal,821.12752,1261.987667
Olow,03m,1,MC,01b,3,NA,I,1999,72.715252,60.516934,2000,0.773333,3.737784,NA,NA,2,clonal,821.12752,1261.987667
Olow,03m,1,MC,1,3,NA,I,1999,72.715252,60.516934,2000,77.932222,65.688147,1,1,2,NA,821.12752,1261.987667
Olow,03m,1,MC,02a,3,NA,I,1999,77.830749,59.632324,2000,12.231111,20.228665,NA,NA,4,clonal,821.12752,1261.987667
Olow,03m,1,MC,02b,3,NA,I,1999,77.830749,59.632324,2000,1.041111,4.178511,NA,NA,4,clonal,821.12752,1261.987667
Olow,03m,1,MC,02c,3,NA,I,1999,77.830749,59.632324,2000,2.131111,6.348935,NA,NA,4,clonal,821.12752,1261.987667
Olow,03m,1,MC,02d,3,NA,I,1999,77.830749,59.632324,2000,1.485556,5.712945,NA,NA,4,clonal,821.12752,1261.987667
Olow,03m,1,MC,2,3,NA,I,1999,77.830749,59.632324,2000,21.687778,28.777312,1,1,4,NA,821.12752,1261.987667
Olow,03m,1,MC,03a,3,NA,I,1999,11.969674,19.588994,2000,4.886667,10.630102,NA,NA,1,clonal,821.12752,1261.987667
Olow,03m,1,MC,3,3,NA,I,1999,11.969674,19.588994,2000,16.876667,19.507057,1,1,1,NA,821.12752,1261.987667
Olow,03m,1,MC,04a,3,NA,I,1999,186.929308,94.261806,2000,7.095556,14.524909,NA,NA,10,clonal,821.12752,1261.987667
Olow,03m,1,MC,04b,3,NA,I,1999,186.929308,94.261806,2000,0.433333,2.645178,NA,NA,10,clonal,821.12752,1261.987667
Olow,03m,1,MC,04c,3,NA,I,1999,186.929308,94.261806,2000,6.157778,14.236466,NA,NA,10,clonal,821.12752,1261.987667
Olow,03m,1,MC,04d,3,NA,I,1999,186.929308,94.261806,2000,3.467778,9.063842,NA,NA,10,clonal,821.12752,1261.987667
Olow,03m,1,MC,04e,3,NA,I,1999,186.929308,94.261806,2000,1.908889,5.703182,NA,NA,10,clonal,821.12752,1261.987667
Olow,03m,1,MC,04f,3,NA,I,1999,186.929308,94.261806,2000,5.842222,12.30232,NA,NA,10,clonal,821.12752,1261.987667
Olow,03m,1,MC,04g,3,NA,I,1999,186.929308,94.261806,2000,1.625556,5.285618,NA,NA,10,clonal,821.12752,1261.987667
Olow,03m,1,MC,04h,3,NA,I,1999,186.929308,94.261806,2000,2.957778,7.870255,NA,NA,10,clonal,821.12752,1261.987667
Olow,03m,1,MC,04i,3,NA,I,1999,186.929308,94.261806,2000,17.581111,39.190089,NA,NA,10,clonal,821.12752,1261.987667
Olow,03m,1,MC,04j,3,NA,I,1999,186.929308,94.261806,2000,0.256667,2.020914,NA,NA,10,clonal,821.12752,1261.987667
Olow,03m,1,MC,4,3,NA,I,1999,186.929308,94.261806,2000,25.242222,44.167738,1,1,10,NA,821.12752,1261.987667
Olow,03m,1,MC,5,3,NA,S,1999,2.657742,6.639762,2000,2.006667,6.262742,1,0,NA,NA,821.12752,1261.987667
Olow,03m,1,MC,06a,3,NA,I,1999,31.610956,36.510387,2000,3.37,8.777649,NA,NA,2,clonal,821.12752,1261.987667
Olow,03m,1,MC,06b,3,NA,I,1999,31.610956,36.510387,2000,7.446667,15.53941,NA,NA,2,clonal,821.12752,1261.987667
Olow,03m,1,MC,6,3,NA,I,1999,31.610956,36.510387,2000,10.926667,22.185688,1,1,2,NA,821.12752,1261.987667
Olow,03m,1,MC,7,3,NA,D,1999,10.012431,18.97155,2000,NA,NA,0,NA,NA,NA,821.12752,1261.987667
Olow,03m,1,MC,8,3,NA,D,1999,0.551875,2.837706,2000,NA,NA,0,NA,NA,NA,821.12752,1261.987667
Olow,03m,1,MC,9,3,NA,D,1999,12.645038,20.206437,2000,NA,NA,0,NA,NA,NA,821.12752,1261.987667
Olow,03m,1,MC,10,3,NA,D,1999,1.251281,4.4195,2000,NA,NA,0,NA,NA,NA,821.12752,1261.987667
Olow,03m,1,MC,11a,3,NA,I,1999,2.055597,6.750968,2000,0.833333,3.497056,NA,NA,3,clonal,821.12752,1261.987667
Olow,03m,1,MC,11b,3,NA,I,1999,2.055597,6.750968,2000,0.345556,2.259966,NA,NA,3,clonal,821.12752,1261.987667
Olow,03m,1,MC,11c,3,NA,I,1999,2.055597,6.750968,2000,1.211111,5.846566,NA,NA,3,clonal,821.12752,1261.987667
Olow,03m,1,MC,11,3,NA,I,1999,2.055597,6.750968,2000,1.125556,4.100406,1,1,3,NA,821.12752,1261.987667
Olow,03m,1,MC,12a,3,NA,I,1999,44.085513,47.591481,2000,2.452222,6.181287,NA,NA,1,clonal,821.12752,1261.987667
Olow,03m,1,MC,12,3,NA,I,1999,44.085513,47.591481,2000,16.067778,25.321797,1,1,1,NA,821.12752,1261.987667
Olow,03m,1,MC,13,3,NA,S,1999,2.916741,7.874935,2000,2.576667,6.971524,1,0,NA,NA,821.12752,1261.987667
Olow,03m,1,MC,14,3,NA,S,1999,2.138652,7.139356,2000,2.695556,7.27863,1,0,NA,NA,821.12752,1261.987667
Olow,03m,1,MC,15,3,NA,D,1999,5.72857,11.11598,2000,NA,NA,0,NA,NA,NA,821.12752,1261.987667
Olow,03m,1,MC,16,3,NA,S,1999,4.654327,10.27418,2000,3.201111,10.166211,1,0,NA,NA,821.12752,1261.987667
Olow,03m,1,MC,17a,3,NA,I,1999,29.377228,33.511117,2000,5.698889,12.559798,NA,NA,1,clonal,821.12752,1261.987667
Olow,03m,1,MC,17,3,NA,I,1999,29.377228,33.511117,2000,12.908889,21.730459,1,1,1,NA,821.12752,1261.987667
Olow,03m,1,MC,18,3,NA,D,1999,2.866471,8.431246,2000,NA,NA,0,NA,NA,NA,821.12752,1261.987667
Olow,03m,1,MC,19,3,NA,D,1999,0.552968,2.963578,2000,NA,NA,0,NA,NA,NA,821.12752,1261.987667
Olow,03m,1,MC,20,3,NA,D,1999,3.676252,10.28054,2000,NA,NA,0,NA,NA,NA,821.12752,1261.987667
Olow,03m,1,MC,21a,3,NA,I,1999,2.964825,8.861401,2000,0.63,3.183537,NA,NA,1,clonal,821.12752,1261.987667
Olow,03m,1,MC,21,3,NA,I,1999,2.964825,8.861401,2000,1.294444,6.036515,1,1,1,NA,821.12752,1261.987667
Olow,03m,1,MC,22,3,NA,S,1999,3.083942,7.758746,2000,4.403333,10.401913,1,0,NA,NA,821.12752,1261.987667
Olow,03m,1,MC,23,3,NA,S,1999,9.519568,19.878896,2000,6.616667,11.811389,1,0,NA,NA,821.12752,1261.987667
Olow,03m,1,MC,24,3,NA,S,1999,1.93648,5.73683,2000,3.591111,8.10792,1,0,NA,NA,821.12752,1261.987667
Olow,03m,1,MC,25,3,NA,D,1999,4.150536,8.34382,2000,NA,NA,0,NA,NA,NA,821.12752,1261.987667
Olow,03m,1,MC,26a,3,NA,I,1999,124.876716,71.549095,2000,1.658889,6.174874,NA,NA,5,clonal,821.12752,1261.987667
Olow,03m,1,MC,26b,3,NA,I,1999,124.876716,71.549095,2000,2.866667,7.625077,NA,NA,5,clonal,821.12752,1261.987667
Olow,03m,1,MC,26c,3,NA,I,1999,124.876716,71.549095,2000,1.436667,5.187987,NA,NA,5,clonal,821.12752,1261.987667
Olow,03m,1,MC,26d,3,NA,I,1999,124.876716,71.549095,2000,2.663333,7.022014,NA,NA,5,clonal,821.12752,1261.987667
Olow,03m,1,MC,26e,3,NA,I,1999,124.876716,71.549095,2000,1.552222,5.539171,NA,NA,5,clonal,821.12752,1261.987667
Olow,03m,1,MC,26,3,NA,I,1999,124.876716,71.549095,2000,45.508889,37.607653,1,1,5,NA,821.12752,1261.987667
Olow,03m,1,MC,27,3,NA,S,1999,5.39526,13.322953,2000,1.701111,5.813926,1,0,NA,NA,821.12752,1261.987667
Olow,03m,1,MC,28,3,NA,D,1999,1.982378,6.75429,2000,NA,NA,0,NA,NA,NA,821.12752,1261.987667
Olow,03m,1,MC,29,3,NA,D,1999,1.140906,4.361405,2000,NA,NA,0,NA,NA,NA,821.12752,1261.987667
Olow,03m,1,MC,30,3,NA,D,1999,47.057988,52.151804,2000,NA,NA,0,NA,NA,NA,821.12752,1261.987667
Olow,03m,1,MC,31,3,NA,D,1999,1.385698,4.893653,2000,NA,NA,0,NA,NA,NA,821.12752,1261.987667
Olow,03m,1,MC,32,3,NA,S,1999,39.461785,41.044985,2000,8.226667,13.290881,1,0,NA,NA,821.12752,1261.987667
Olow,03m,1,MC,33,3,NA,D,1999,16.740933,26.681314,2000,NA,NA,0,NA,NA,NA,821.12752,1261.987667
Olow,03m,1,MC,34,3,NA,S,1999,6.152585,11.323725,2000,7.586667,16.418902,1,0,NA,NA,821.12752,1261.987667
Olow,03m,1,MC,35a,3,NA,I,1999,12.016666,19.854833,2000,1.945556,6.085331,NA,NA,1,clonal,821.12752,1261.987667
Olow,03m,1,MC,35,3,NA,I,1999,12.016666,19.854833,2000,12.79,15.727971,1,1,1,NA,821.12752,1261.987667
Olow,03m,1,MC,36,3,NA,D,1999,9.631036,16.410456,2000,NA,NA,0,NA,NA,NA,821.12752,1261.987667
Olow,03m,1,MC,37,3,NA,D,1999,1.244724,5.008181,2000,NA,NA,0,NA,NA,NA,821.12752,1261.987667
Olow,03m,1,MC,38,3,NA,D,1999,9.706441,15.283737,2000,NA,NA,0,NA,NA,NA,821.12752,1261.987667
Olow,03m,1,MC,39,3,NA,D,1999,16.452428,20.730949,2000,NA,NA,0,NA,NA,NA,821.12752,1261.987667
Olow,03m,2,MC,1,3,NA,S,1999,45.311224,37.648083,2000,30.935791,37.21266,1,0,NA,NA,233.910713,233.910713
Olow,03m,2,MC,2,3,NA,S,1999,11.98852,20.650546,2000,16.876338,25.068146,1,0,NA,NA,233.910713,233.910713
Olow,03m,2,MC,03a,3,NA,I,1999,19.108418,29.26438,2000,7.589774,14.327745,NA,NA,1,clonal,233.910713,233.910713
Olow,03m,2,MC,3,3,NA,I,1999,19.108418,29.26438,2000,19.184304,24.992249,1,1,1,NA,233.910713,233.910713
Olow,03m,2,MC,4,3,NA,D,1999,1.945153,6.51851,2000,NA,NA,0,NA,NA,NA,233.910713,233.910713
Olow,03m,2,MC,5,3,NA,S,1999,1.318878,4.961132,2000,1.75981,5.641012,1,0,NA,NA,233.910713,233.910713
Olow,03m,2,MC,6,3,NA,D,1999,13.039541,19.894727,2000,NA,NA,0,NA,NA,NA,233.910713,233.910713
Olow,03m,2,MC,07a,3,NA,I,1999,41.543367,50.027018,2000,11.726516,15.47996,NA,NA,1,clonal,233.910713,233.910713
Olow,03m,2,MC,7,3,NA,I,1999,41.543367,50.027018,2000,16.2283,18.15892,1,1,1,NA,233.910713,233.910713
Olow,03m,2,MC,8,3,NA,D,1999,21.645408,26.373806,2000,NA,NA,0,NA,NA,NA,233.910713,233.910713
Olow,03m,2,MC,9,3,NA,D,1999,14.029337,30.401853,2000,NA,NA,0,NA,NA,NA,233.910713,233.910713
Olow,03m,2,MC,10,3,NA,D,1999,32.137755,27.247048,2000,NA,NA,0,NA,NA,NA,233.910713,233.910713
Olow,03m,2,MC,11a,3,NA,I,1999,31.843112,25.612294,2000,14.143876,26.590586,NA,NA,1,clonal,233.910713,233.910713
Olow,03m,2,MC,11,3,NA,I,1999,31.843112,25.612294,2000,12.082045,19.197166,1,1,1,NA,233.910713,233.910713
Olow,03m,2,MC,12,3,NA,R,1999,NA,NA,2000,7.669441,12.521968,NA,NA,NA,sexual,233.910713,233.910713
Olow,03m,2,MC,13,3,NA,R,1999,NA,NA,2000,1.530321,5.437581,NA,NA,NA,sexual,233.910713,233.910713
Olow,03m,3,MC,1,3,NA,S,1999,7.785969,15.342029,2000,20.129403,31.132829,1,0,NA,NA,59.985731,255.457788
Olow,03m,3,MC,2,3,NA,D,1999,16.121284,30.81882,2000,NA,NA,0,NA,NA,NA,59.985731,255.457788
Olow,03m,3,MC,3,3,NA,D,1999,0.648038,3.135183,2000,NA,NA,0,NA,NA,NA,59.985731,255.457788
Olow,03m,3,MC,04a,3,NA,I,1999,25.099881,27.7982,2000,4.159522,9.493862,NA,NA,1,clonal,59.985731,255.457788
Olow,03m,3,MC,4,3,NA,I,1999,25.099881,27.7982,2000,13.272216,24.080273,1,1,1,NA,59.985731,255.457788
Olow,03m,3,MC,5,3,NA,S,1999,1.317479,5.637844,2000,3.849017,8.67193,1,0,NA,NA,59.985731,255.457788
Olow,03m,3,MC,6,3,NA,D,1999,0.697979,3.759041,2000,NA,NA,0,NA,NA,NA,59.985731,255.457788
Olow,03m,3,MC,7,3,NA,S,1999,5.2283,12.302942,2000,1.990957,6.150424,1,0,NA,NA,59.985731,255.457788
Olow,03m,3,MC,8,3,NA,S,1999,1.774078,6.512463,2000,1.314056,5.012349,1,0,NA,NA,59.985731,255.457788
Olow,03m,3,MC,9,3,NA,S,1999,1.312723,4.384632,2000,2.726232,6.670937,1,0,NA,NA,59.985731,255.457788
Olow,03m,3,MC,10,3,NA,R,1999,NA,NA,2000,18.883658,34.027402,NA,NA,NA,sexual,59.985731,255.457788
Olow,07m,1,MC,1,7,NA,D,1999,2.128124,6.760631,2000,NA,NA,0,NA,NA,NA,614.601091,1339.678943
Olow,07m,1,MC,2,7,NA,D,1999,4.789428,8.797644,2000,NA,NA,0,NA,NA,NA,614.601091,1339.678943
Olow,07m,1,MC,3,7,NA,S,1999,22.138466,24.172677,2000,38.937778,49.055319,1,0,NA,NA,614.601091,1339.678943
Olow,07m,1,MC,04a,7,NA,I,1999,13.453605,18.907806,2000,0.308889,2.268054,NA,NA,2,clonal,614.601091,1339.678943
Olow,07m,1,MC,04b,7,NA,I,1999,13.453605,18.907806,2000,1.627778,6.576549,NA,NA,2,clonal,614.601091,1339.678943
Olow,07m,1,MC,4,7,NA,I,1999,13.453605,18.907806,2000,1.962222,6.132471,1,1,2,NA,614.601091,1339.678943
Olow,07m,1,MC,5,7,NA,U,1999,6.464809,12.180368,2000,132.19,52.71026,0,0,NA,NA,614.601091,1339.678943
Olow,07m,1,MC,6,7,NA,U,1999,118.756679,55.052058,2000,132.19,52.71026,1,0,NA,NA,614.601091,1339.678943
Olow,07m,1,MC,7,7,NA,D,1999,1.00316,4.727024,2000,NA,NA,0,NA,NA,NA,614.601091,1339.678943
Olow,07m,1,MC,8,7,NA,D,1999,6.305085,11.727352,2000,NA,NA,0,NA,NA,NA,614.601091,1339.678943
Olow,07m,1,MC,9,7,NA,U,1999,4.797472,10.476109,2000,327.556667,143.195344,0,0,NA,NA,614.601091,1339.678943
Olow,07m,1,MC,10a,7,NA,I,1999,409.319161,209.978685,2000,43.822222,32.970037,NA,NA,1,clonal,614.601091,1339.678943
Olow,07m,1,MC,11,7,NA,S,1999,10.910658,16.400208,2000,4.86,8.924096,1,0,NA,NA,614.601091,1339.678943
Olow,07m,1,MC,12,7,NA,R,1999,NA,NA,2000,2.321111,6.376549,NA,NA,NA,sexual,614.601091,1339.678943
Olow,07m,1,MC,13,7,NA,R,1999,NA,NA,2000,1.724444,6.745297,NA,NA,NA,sexual,614.601091,1339.678943
Olow,07m,2,MC,01a,7,NA,I,1999,101.023083,56.663371,2000,6.240339,12.677844,NA,NA,2,clonal,485.264781,900.108859
Olow,07m,2,MC,01b,7,NA,I,1999,101.023083,56.663371,2000,13.879757,20.145709,NA,NA,2,clonal,485.264781,900.108859
Olow,07m,2,MC,1,7,NA,I,1999,101.023083,56.663371,2000,138.345241,50.035373,1,1,2,NA,485.264781,900.108859
Olow,07m,2,MC,2,7,NA,U,1999,367.468103,130.436108,2000,394.188619,140.60764,1,0,NA,NA,485.264781,900.108859
Olow,07m,2,MC,3,7,NA,D,1999,4.127284,12.169724,2000,NA,NA,0,NA,NA,NA,485.264781,900.108859
Olow,07m,2,MC,4,7,NA,U,1999,4.719064,9.065999,2000,394.188619,140.60764,0,0,NA,NA,485.264781,900.108859
Olow,07m,2,MC,5,7,NA,S,1999,7.927247,12.833691,2000,14.424428,17.602639,1,0,NA,NA,485.264781,900.108859
Olow,07m,3,MC,01a,7,NA,I,1999,1183.463373,367.610755,2000,82.829964,72.355513,NA,NA,6,clonal,1614.06952,1614.06952
Olow,07m,3,MC,01b,7,NA,I,1999,1183.463373,367.610755,2000,1.065398,4.162734,NA,NA,6,clonal,1614.06952,1614.06952
Olow,07m,3,MC,01c,7,NA,I,1999,1183.463373,367.610755,2000,2.34126,8.128375,NA,NA,6,clonal,1614.06952,1614.06952
Olow,07m,3,MC,01d,7,NA,I,1999,1183.463373,367.610755,2000,1.629013,6.000841,NA,NA,6,clonal,1614.06952,1614.06952
Olow,07m,3,MC,01e,7,NA,I,1999,1183.463373,367.610755,2000,3.255648,7.598583,NA,NA,6,clonal,1614.06952,1614.06952
Olow,07m,3,MC,01f,7,NA,I,1999,1183.463373,367.610755,2000,1.586207,5.457781,NA,NA,6,clonal,1614.06952,1614.06952
Olow,07m,3,MC,2,7,NA,D,1999,3.655271,8.713104,2000,NA,NA,0,NA,NA,NA,1614.06952,1614.06952
Olow,07m,3,MC,3,7,NA,D,1999,2.08216,6.004939,2000,NA,NA,0,NA,NA,NA,1614.06952,1614.06952
Olow,07m,3,MC,4,7,NA,U,1999,2.009767,6.451433,2000,1205.259215,507.941974,0,0,NA,NA,1614.06952,1614.06952
Olow,07m,3,MC,5,7,NA,D,1999,6.067222,12.205043,2000,NA,NA,0,NA,NA,NA,1614.06952,1614.06952
Olow,07m,3,MC,6,7,NA,U,1999,11.309394,15.371627,2000,1205.259215,507.941974,0,0,NA,NA,1614.06952,1614.06952
Olow,07m,3,MC,7,7,NA,S,1999,17.594944,24.613768,2000,16.697979,19.842957,1,0,NA,NA,1614.06952,1614.06952
Olow,07m,3,MC,8,7,NA,S,1999,18.213157,17.953835,2000,14.897741,17.684529,1,0,NA,NA,1614.06952,1614.06952
Olow,07m,3,MC,9,7,NA,S,1999,5.920138,12.808691,2000,8.589774,14.465676,1,0,NA,NA,1614.06952,1614.06952
Olow,07m,3,MC,10,7,NA,D,1999,1.670784,5.19649,2000,NA,NA,0,NA,NA,NA,1614.06952,1614.06952
Olow,07m,3,MC,11,7,NA,D,1999,19.438093,25.329745,2000,NA,NA,0,NA,NA,NA,1614.06952,1614.06952
Olow,07m,3,MC,12,7,NA,S,1999,6.912956,11.753731,2000,8.747919,14.559743,1,0,NA,NA,1614.06952,1614.06952
Olow,07m,3,MC,13,7,NA,S,1999,191.281816,105.087802,2000,56.978597,54.399183,1,0,NA,NA,1614.06952,1614.06952
Olow,07m,3,MC,15,7,NA,R,1999,NA,NA,2000,4.458977,10.331806,NA,NA,NA,sexual,1614.06952,1614.06952
Olow,07m,3,MC,14,7,NA,S,1999,144.450445,56.795255,2000,161.284185,64.449558,1,0,NA,NA,1614.06952,1614.06952
Olow,07m,4,MC,1,7,NA,D,1999,227.083836,73.997856,2000,NA,NA,0,NA,NA,NA,404.062881,1146.02261
Olow,07m,4,MC,2,7,NA,U,1999,45.36367,30.187825,2000,66.540649,43.48186,1,0,NA,NA,404.062881,1146.02261
Olow,07m,4,MC,03a,7,NA,I,1999,128.863679,63.059741,2000,3.284114,7.956586,NA,NA,1,clonal,404.062881,1146.02261
Olow,07m,4,MC,3,7,NA,I,1999,128.863679,63.059741,2000,177.407641,80.884804,1,1,1,NA,404.062881,1146.02261
Olow,07m,4,MC,4,7,NA,U,1999,2.751696,7.68205,2000,66.540649,43.48186,0,0,NA,NA,404.062881,1146.02261
Olow,07m,4,MC,5,7,NA,R,1999,NA,NA,2000,2.642919,7.185564,NA,NA,NA,sexual,404.062881,1146.02261
Olow,03m,1,MC,01c,3,NA,I,2000,77.932222,65.688147,2001,0.46636,2.674667,NA,NA,1,clonal,389.623338,826.09556
Olow,03m,1,MC,1,3,I,I,2000,77.932222,65.688147,2001,24.985901,27.110004,1,1,1,NA,389.623338,826.09556
Olow,03m,1,MC,01a,3,I,D,2000,0.67,3.261354,2001,NA,NA,0,NA,NA,NA,389.623338,826.09556
Olow,03m,1,MC,01b,3,I,D,2000,0.773333,3.737784,2001,NA,NA,0,NA,NA,NA,389.623338,826.09556
Olow,03m,1,MC,2,3,I,S,2000,21.687778,28.777312,2001,0.824019,3.880256,1,0,NA,NA,389.623338,826.09556
Olow,03m,1,MC,02a,3,I,S,2000,12.231111,20.228665,2001,1.986997,6.61844,1,0,NA,NA,389.623338,826.09556
Olow,03m,1,MC,02b,3,I,D,2000,1.041111,4.178511,2001,NA,NA,0,NA,NA,NA,389.623338,826.09556
Olow,03m,1,MC,02c,3,I,D,2000,2.131111,6.348935,2001,NA,NA,0,NA,NA,NA,389.623338,826.09556
Olow,03m,1,MC,02d,3,I,D,2000,1.485556,5.712945,2001,NA,NA,0,NA,NA,NA,389.623338,826.09556
Olow,03m,1,MC,3,3,I,D,2000,16.876667,19.507057,2001,NA,NA,0,NA,NA,NA,389.623338,826.09556
Olow,03m,1,MC,03a,3,I,D,2000,4.886667,10.630102,2001,NA,NA,0,NA,NA,NA,389.623338,826.09556
Olow,03m,1,MC,04k,3,NA,I,2000,25.242222,44.167738,2001,1.609467,6.419889,NA,NA,1,clonal,389.623338,826.09556
Olow,03m,1,MC,4,3,I,I,2000,25.242222,44.167738,2001,3.229454,7.945612,1,1,1,NA,389.623338,826.09556
Olow,03m,1,MC,04aa,3,NA,I,2000,7.095556,14.524909,2001,1.485572,5.180824,NA,NA,1,clonal,389.623338,826.09556
Olow,03m,1,MC,04a,3,I,I,2000,7.095556,14.524909,2001,2.785302,7.073609,1,1,1,NA,389.623338,826.09556
Olow,03m,1,MC,04b,3,I,D,2000,0.433333,2.645178,2001,NA,NA,0,NA,NA,NA,389.623338,826.09556
Olow,03m,1,MC,04c,3,I,D,2000,6.157778,14.236466,2001,NA,NA,0,NA,NA,NA,389.623338,826.09556
Olow,03m,1,MC,04d,3,I,D,2000,3.467778,9.063842,2001,NA,NA,0,NA,NA,NA,389.623338,826.09556
Olow,03m,1,MC,04e,3,I,D,2000,1.908889,5.703182,2001,NA,NA,0,NA,NA,NA,389.623338,826.09556
Olow,03m,1,MC,04f,3,I,D,2000,5.842222,12.30232,2001,NA,NA,0,NA,NA,NA,389.623338,826.09556
Olow,03m,1,MC,04g,3,I,D,2000,1.625556,5.285618,2001,NA,NA,0,NA,NA,NA,389.623338,826.09556
Olow,03m,1,MC,04h,3,I,S,2000,2.957778,7.870255,2001,1.782453,5.624557,1,0,NA,NA,389.623338,826.09556
Olow,03m,1,MC,04ia,3,NA,I,2000,17.581111,39.190089,2001,0.578567,3.193354,NA,NA,3,clonal,389.623338,826.09556
Olow,03m,1,MC,04ib,3,NA,I,2000,17.581111,39.190089,2001,0.492074,2.8715,NA,NA,3,clonal,389.623338,826.09556
Olow,03m,1,MC,04ic,3,NA,I,2000,17.581111,39.190089,2001,0.598437,3.163313,NA,NA,3,clonal,389.623338,826.09556
Olow,03m,1,MC,04i,3,I,I,2000,17.581111,39.190089,2001,0.800643,3.765248,1,1,3,NA,389.623338,826.09556
Olow,03m,1,MC,04j,3,I,D,2000,0.256667,2.020914,2001,NA,NA,0,NA,NA,NA,389.623338,826.09556
Olow,03m,1,MC,5,3,S,S,2000,2.006667,6.262742,2001,1.115056,4.368901,1,0,NA,NA,389.623338,826.09556
Olow,03m,1,MC,6,3,I,S,2000,10.926667,22.185688,2001,6.9241,15.279276,1,0,NA,NA,389.623338,826.09556
Olow,03m,1,MC,06aa,3,NA,I,2000,3.37,8.777649,2001,0.583242,3.246562,NA,NA,1,clonal,389.623338,826.09556
Olow,03m,1,MC,06a,3,I,I,2000,3.37,8.777649,2001,5.2971,12.428098,1,1,1,NA,389.623338,826.09556
Olow,03m,1,MC,06b,3,I,D,2000,7.446667,15.53941,2001,NA,NA,0,NA,NA,NA,389.623338,826.09556
Olow,03m,1,MC,11,3,I,D,2000,1.125556,4.100406,2001,NA,NA,0,NA,NA,NA,389.623338,826.09556
Olow,03m,1,MC,11a,3,I,D,2000,0.833333,3.497056,2001,NA,NA,0,NA,NA,NA,389.623338,826.09556
Olow,03m,1,MC,11b,3,I,D,2000,0.345556,2.259966,2001,NA,NA,0,NA,NA,NA,389.623338,826.09556
Olow,03m,1,MC,11c,3,I,D,2000,1.211111,5.846566,2001,NA,NA,0,NA,NA,NA,389.623338,826.09556
Olow,03m,1,MC,12,3,I,U,2000,16.067778,25.321797,2001,21.426839,35.539403,1,0,NA,NA,389.623338,826.09556
Olow,03m,1,MC,12a,3,NA,U,2000,2.452222,6.181287,2001,21.426839,35.539403,0,0,NA,NA,389.623338,826.09556
Olow,03m,1,MC,13,3,S,D,2000,2.576667,6.971524,2001,NA,NA,0,NA,NA,NA,389.623338,826.09556
Olow,03m,1,MC,14,3,S,D,2000,2.695556,7.27863,2001,NA,NA,0,NA,NA,NA,389.623338,826.09556
Olow,03m,1,MC,16,3,S,S,2000,3.201111,10.166211,2001,4.802688,9.735122,1,0,NA,NA,389.623338,826.09556
Olow,03m,1,MC,17,3,I,S,2000,12.908889,21.730459,2001,24.874863,26.963238,1,0,NA,NA,389.623338,826.09556
Olow,03m,1,MC,17a,3,I,S,2000,5.698889,12.559798,2001,7.96552,15.870903,1,0,NA,NA,389.623338,826.09556
Olow,03m,1,MC,21,3,I,D,2000,1.294444,6.036515,2001,NA,NA,0,NA,NA,NA,389.623338,826.09556
Olow,03m,1,MC,21a,3,I,D,2000,0.63,3.183537,2001,NA,NA,0,NA,NA,NA,389.623338,826.09556
Olow,03m,1,MC,22,3,S,S,2000,4.403333,10.401913,2001,6.655271,11.052576,1,0,NA,NA,389.623338,826.09556
Olow,03m,1,MC,23,3,S,S,2000,6.616667,11.811389,2001,6.773322,14.298843,1,0,NA,NA,389.623338,826.09556
Olow,03m,1,MC,24,3,S,U,2000,3.591111,8.10792,2001,79.049748,63.075959,0,0,NA,NA,389.623338,826.09556
Olow,03m,1,MC,26f,3,NA,I,2000,45.508889,37.607653,2001,1.282197,4.328848,NA,NA,2,clonal,389.623338,826.09556
Olow,03m,1,MC,26g,3,NA,I,2000,45.508889,37.607653,2001,4.476587,13.365041,NA,NA,2,clonal,389.623338,826.09556
Olow,03m,1,MC,26a,3,I,U,2000,1.658889,6.174874,2001,79.049748,63.075959,0,0,NA,NA,389.623338,826.09556
Olow,03m,1,MC,26b,3,I,S,2000,2.866667,7.625077,2001,6.066185,11.153839,1,0,NA,NA,389.623338,826.09556
Olow,03m,1,MC,26c,3,I,D,2000,1.436667,5.187987,2001,NA,NA,0,NA,NA,NA,389.623338,826.09556
Olow,03m,1,MC,26d,3,I,D,2000,2.663333,7.022014,2001,NA,NA,0,NA,NA,NA,389.623338,826.09556
Olow,03m,1,MC,26e,3,I,S,2000,1.552222,5.539171,2001,3.049456,7.248697,1,0,NA,NA,389.623338,826.09556
Olow,03m,1,MC,27,3,S,D,2000,1.701111,5.813926,2001,NA,NA,0,NA,NA,NA,389.623338,826.09556
Olow,03m,1,MC,32,3,S,D,2000,8.226667,13.290881,2001,NA,NA,0,NA,NA,NA,389.623338,826.09556
Olow,03m,1,MC,34,3,S,D,2000,7.586667,16.418902,2001,NA,NA,0,NA,NA,NA,389.623338,826.09556
Olow,03m,1,MC,35,3,I,S,2000,12.79,15.727971,2001,11.799255,19.834997,1,0,NA,NA,389.623338,826.09556
Olow,03m,1,MC,35aa,3,NA,I,2000,1.945556,6.085331,2001,0.940901,4.240445,NA,NA,1,clonal,389.623338,826.09556
Olow,03m,1,MC,35a,3,I,I,2000,1.945556,6.085331,2001,2.607641,8.484031,1,1,1,NA,389.623338,826.09556
Olow,03m,1,MC,40,3,NA,R,2000,NA,NA,2001,1.28921,4.420687,NA,NA,NA,sexual,389.623338,826.09556
Olow,03m,2,MC,1,3,S,U,2000,30.935791,37.21266,2001,82.677353,67.95682,1,0,NA,NA,139.726516,139.726516
Olow,03m,2,MC,2,3,S,S,2000,16.876338,25.068146,2001,30.411493,37.679174,1,0,NA,NA,139.726516,139.726516
Olow,03m,2,MC,3,3,I,U,2000,19.184304,24.992249,2001,82.677353,67.95682,0,0,NA,NA,139.726516,139.726516
Olow,03m,2,MC,03a,3,I,S,2000,7.589774,14.327745,2001,18.668885,30.926704,1,0,NA,NA,139.726516,139.726516
Olow,03m,2,MC,5,3,S,S,2000,1.75981,5.641012,2001,3.247183,7.66321,1,0,NA,NA,139.726516,139.726516
Olow,03m,2,MC,7,3,I,U,2000,16.2283,18.15892,2001,45.613006,42.188078,1,0,NA,NA,139.726516,139.726516
Olow,03m,2,MC,07a,3,I,U,2000,11.726516,15.47996,2001,45.613006,42.188078,0,0,NA,NA,139.726516,139.726516
Olow,03m,2,MC,11,3,I,S,2000,12.082045,19.197166,2001,17.35138,29.817756,1,0,NA,NA,139.726516,139.726516
Olow,03m,2,MC,11a,3,I,S,2000,14.143876,26.590586,2001,2.696711,7.111932,1,0,NA,NA,139.726516,139.726516
Olow,03m,2,MC,12,3,R,S,2000,7.669441,12.521968,2001,8.944272,13.768618,1,0,NA,NA,139.726516,139.726516
Olow,03m,2,MC,13,3,R,S,2000,1.530321,5.437581,2001,6.990397,13.818108,1,0,NA,NA,139.726516,139.726516
Olow,03m,3,MC,1,3,S,S,2000,20.129403,31.132829,2001,23.442222,31.228903,1,0,NA,NA,66.325061,308.178465
Olow,03m,3,MC,04b,3,NA,I,2000,13.272216,24.080273,2001,5.118889,9.823402,NA,NA,1,clonal,66.325061,308.178465
Olow,03m,3,MC,4,3,S,I,2000,13.272216,24.080273,2001,5.906667,10.922421,1,1,1,NA,66.325061,308.178465
Olow,03m,3,MC,04a,3,I,S,2000,4.159522,9.493862,2001,8.521111,14.609426,1,0,NA,NA,66.325061,308.178465
Olow,03m,3,MC,5,3,S,U,2000,3.849017,8.67193,2001,8.834444,15.350848,1,0,NA,NA,66.325061,308.178465
Olow,03m,3,MC,7,3,S,U,2000,1.990957,6.150424,2001,8.834444,15.350848,0,0,NA,NA,66.325061,308.178465
Olow,03m,3,MC,8,3,S,D,2000,1.314056,5.012349,2001,NA,NA,0,NA,NA,NA,66.325061,308.178465
Olow,03m,3,MC,9,3,S,S,2000,2.726232,6.670937,2001,5.515556,13.730221,1,0,NA,NA,66.325061,308.178465
Olow,03m,3,MC,10,3,R,D,2000,18.883658,34.027402,2001,NA,NA,0,NA,NA,NA,66.325061,308.178465
Olow,07m,1,MC,3,7,S,S,2000,38.937778,49.055319,2001,15.768889,25.115958,1,0,NA,NA,555.311111,1224.72895
Olow,07m,1,MC,4,7,I,D,2000,1.962222,6.132471,2001,NA,NA,0,NA,NA,NA,555.311111,1224.72895
Olow,07m,1,MC,04a,7,I,S,2000,0.308889,2.268054,2001,1.868889,7.76176,1,0,NA,NA,555.311111,1224.72895
Olow,07m,1,MC,04b,7,I,S,2000,1.627778,6.576549,2001,1.552222,7.485043,1,0,NA,NA,555.311111,1224.72895
Olow,07m,1,MC,6,7,U,S,2000,132.19,52.71026,2001,140.321111,78.111836,1,0,NA,NA,555.311111,1224.72895
Olow,07m,1,MC,10b,7,NA,I,2000,327.556667,143.195344,2001,2.21,8.972911,NA,NA,3,clonal,555.311111,1224.72895
Olow,07m,1,MC,10c,7,NA,I,2000,327.556667,143.195344,2001,0.293333,2.154247,NA,NA,3,clonal,555.311111,1224.72895
Olow,07m,1,MC,10d,7,NA,I,2000,327.556667,143.195344,2001,1.218889,8.537496,NA,NA,3,clonal,555.311111,1224.72895
Olow,07m,1,MC,10a,7,I,U,2000,43.822222,32.970037,2001,374.333333,194.8431,0,0,NA,NA,555.311111,1224.72895
Olow,07m,1,MC,11,7,S,S,2000,4.86,8.924096,2001,5.425556,11.039291,1,0,NA,NA,555.311111,1224.72895
Olow,07m,1,MC,12,7,R,U,2000,2.321111,6.376549,2001,14.534444,17.561999,1,0,NA,NA,555.311111,1224.72895
Olow,07m,1,MC,13,7,R,U,2000,1.724444,6.745297,2001,14.534444,17.561999,0,0,NA,NA,555.311111,1224.72895
Olow,07m,1,MC,14,7,NA,R,2000,NA,NA,2001,4.032222,14.551135,NA,NA,NA,sexual,555.311111,1224.72895
Olow,07m,2,MC,1,7,I,U,2000,138.345241,50.035373,2001,214.414196,74.811351,1,0,NA,NA,567.078384,1027.451531
Olow,07m,2,MC,2,7,U,S,2000,394.188619,140.60764,2001,367.278298,145.304795,1,0,NA,NA,567.078384,1027.451531
Olow,07m,2,MC,6,7,NA,R,2000,NA,NA,2001,2.556523,7.495324,NA,NA,NA,sexual,567.078384,1027.451531
Olow,07m,2,MC,7,7,NA,R,2000,NA,NA,2001,3.418742,8.39524,NA,NA,NA,sexual,567.078384,1027.451531
Olow,07m,2,MC,8,7,NA,R,2000,NA,NA,2001,7.211806,12.715638,NA,NA,NA,sexual,567.078384,1027.451531
Olow,07m,2,MC,01a,7,I,U,2000,6.240339,12.677844,2001,214.414196,74.811351,0,0,NA,NA,567.078384,1027.451531
Olow,07m,2,MC,01b,7,I,U,2000,13.879757,20.145709,2001,214.414196,74.811351,0,0,NA,NA,567.078384,1027.451531
Olow,07m,2,MC,5,7,S,S,2000,14.424428,17.602639,2001,24.415609,22.582259,1,0,NA,NA,567.078384,1027.451531
Olow,07m,3,MC,01g,7,NA,I,2000,1205.259215,507.941974,2001,471.302309,154.659333,NA,NA,3,clonal,1569.621877,1569.621877
Olow,07m,3,MC,01h,7,NA,I,2000,1205.259215,507.941974,2001,14.739072,22.57887,NA,NA,3,clonal,1569.621877,1569.621877
Olow,07m,3,MC,01i,7,NA,I,2000,1205.259215,507.941974,2001,124.331333,81.719175,NA,NA,3,clonal,1569.621877,1569.621877
Olow,07m,3,MC,01a,7,NA,U,2000,82.829964,72.355513,2001,621.34708,296.081095,0,0,NA,NA,1569.621877,1569.621877
Olow,07m,3,MC,01b,7,NA,U,2000,1.065398,4.162734,2001,621.34708,296.081095,0,0,NA,NA,1569.621877,1569.621877
Olow,07m,3,MC,01c,7,I,D,2000,2.34126,8.128375,2001,NA,NA,0,NA,NA,NA,1569.621877,1569.621877
Olow,07m,3,MC,01d,7,I,D,2000,1.629013,6.000841,2001,NA,NA,0,NA,NA,NA,1569.621877,1569.621877
Olow,07m,3,MC,01e,7,I,S,2000,3.255648,7.598583,2001,4.865193,9.776275,1,0,NA,NA,1569.621877,1569.621877
Olow,07m,3,MC,01f,7,I,U,2000,1.586207,5.457781,2001,621.34708,296.081095,0,0,NA,NA,1569.621877,1569.621877
Olow,07m,3,MC,7,7,S,U,2000,16.697979,19.842957,2001,155.150625,93.306958,0,0,NA,NA,1569.621877,1569.621877
Olow,07m,3,MC,8,7,S,S,2000,14.897741,17.684529,2001,10.975496,17.40269,1,0,NA,NA,1569.621877,1569.621877
Olow,07m,3,MC,9,7,S,S,2000,8.589774,14.465676,2001,14.211426,17.8685,1,0,NA,NA,1569.621877,1569.621877
Olow,07m,3,MC,13,7,S,U,2000,56.978597,54.399183,2001,155.150625,93.306958,1,0,NA,NA,1569.621877,1569.621877
Olow,07m,3,MC,12,7,S,U,2000,8.747919,14.559743,2001,155.150625,93.306958,0,0,NA,NA,1569.621877,1569.621877
Olow,07m,3,MC,15,7,R,S,2000,4.458977,10.331806,2001,6.308029,13.62394,1,0,NA,NA,1569.621877,1569.621877
Olow,07m,3,MC,14,7,S,S,2000,161.284185,64.449558,2001,195.493539,69.76949,1,0,NA,NA,1569.621877,1569.621877
Olow,07m,4,MC,2,7,S,S,2000,66.540649,43.48186,2001,101.181387,61.047011,1,0,NA,NA,249.875323,1131.916116
Olow,07m,4,MC,3,7,I,S,2000,177.407641,80.884804,2001,171.786398,91.21509,1,0,NA,NA,249.875323,1131.916116
Olow,07m,4,MC,03a,7,I,D,2000,3.284114,7.956586,2001,NA,NA,0,NA,NA,NA,249.875323,1131.916116
Olow,07m,4,MC,5,7,R,S,2000,2.642919,7.185564,2001,13.300022,17.075068,1,0,NA,NA,249.875323,1131.916116
Olow,03m,1,MC,1,3,I,S,2001,24.985901,27.110004,2002,38.210859,35.76244,1,0,NA,NA,238.604427,1140.903618
Olow,03m,1,MC,01c,3,I,D,2001,0.46636,2.674667,2002,NA,NA,0,NA,NA,NA,238.604427,1140.903618
Olow,03m,1,MC,2,3,S,D,2001,0.824019,3.880256,2002,NA,NA,0,NA,NA,NA,238.604427,1140.903618
Olow,03m,1,MC,02a,3,S,D,2001,1.986997,6.61844,2002,NA,NA,0,NA,NA,NA,238.604427,1140.903618
Olow,03m,1,MC,4,3,I,U,2001,3.229454,7.945612,2002,4.207986,10.996629,1,0,NA,NA,238.604427,1140.903618
Olow,03m,1,MC,04k,3,I,U,2001,1.609467,6.419889,2002,4.207986,10.996629,0,0,NA,NA,238.604427,1140.903618
Olow,03m,1,MC,04a,3,I,S,2001,2.785302,7.073609,2002,2.328067,6.598658,1,0,NA,NA,238.604427,1140.903618
Olow,03m,1,MC,04aa,3,I,S,2001,1.485572,5.180824,2002,2.5395,7.134217,1,0,NA,NA,238.604427,1140.903618
Olow,03m,1,MC,04h,3,S,S,2001,1.782453,5.624557,2002,4.521689,8.542907,1,0,NA,NA,238.604427,1140.903618
Olow,03m,1,MC,04i,3,I,U,2001,0.800643,3.765248,2002,25.951163,32.62905,0,0,NA,NA,238.604427,1140.903618
Olow,03m,1,MC,04ia,3,I,U,2001,0.578567,3.193354,2002,25.951163,32.62905,0,0,NA,NA,238.604427,1140.903618
Olow,03m,1,MC,04ib,3,I,U,2001,0.492074,2.8715,2002,25.951163,32.62905,0,0,NA,NA,238.604427,1140.903618
Olow,03m,1,MC,04ic,3,I,U,2001,0.598437,3.163313,2002,25.951163,32.62905,0,0,NA,NA,238.604427,1140.903618
Olow,03m,1,MC,5,3,S,S,2001,1.115056,4.368901,2002,1.708704,5.451227,1,0,NA,NA,238.604427,1140.903618
Olow,03m,1,MC,6,3,S,U,2001,6.9241,15.279276,2002,25.951163,32.62905,1,0,NA,NA,238.604427,1140.903618
Olow,03m,1,MC,06a,3,I,U,2001,5.2971,12.428098,2002,25.951163,32.62905,0,0,NA,NA,238.604427,1140.903618
Olow,03m,1,MC,06aa,3,I,U,2001,0.583242,3.246562,2002,25.951163,32.62905,0,0,NA,NA,238.604427,1140.903618
Olow,03m,1,MC,12,3,U,S,2001,21.426839,35.539403,2002,14.40046,26.38271,1,0,NA,NA,238.604427,1140.903618
Olow,03m,1,MC,16,3,S,S,2001,4.802688,9.735122,2002,3.900029,9.124994,1,0,NA,NA,238.604427,1140.903618
Olow,03m,1,MC,17,3,S,S,2001,24.874863,26.963238,2002,27.359954,29.755213,1,0,NA,NA,238.604427,1140.903618
Olow,03m,1,MC,17a,3,S,S,2001,7.96552,15.870903,2002,7.827636,12.626862,1,0,NA,NA,238.604427,1140.903618
Olow,03m,1,MC,22,3,S,S,2001,6.655271,11.052576,2002,5.583453,12.099528,1,0,NA,NA,238.604427,1140.903618
Olow,03m,1,MC,23,3,S,S,2001,6.773322,14.298843,2002,4.473427,9.239027,1,0,NA,NA,238.604427,1140.903618
Olow,03m,1,MC,26h,3,NA,I,2001,79.049748,63.075959,2002,23.349612,27.420927,NA,NA,4,clonal,238.604427,1140.903618
Olow,03m,1,MC,26i,3,NA,I,2001,79.049748,63.075959,2002,3.967825,8.891527,NA,NA,4,clonal,238.604427,1140.903618
Olow,03m,1,MC,26j,3,NA,I,2001,79.049748,63.075959,2002,1.484631,5.014661,NA,NA,4,clonal,238.604427,1140.903618
Olow,03m,1,MC,26k,3,NA,I,2001,79.049748,63.075959,2002,0.552715,3.116648,NA,NA,4,clonal,238.604427,1140.903618
Olow,03m,1,MC,26,3,M,I,2001,79.049748,63.075959,2002,43.012927,51.065978,1,1,4,NA,238.604427,1140.903618
Olow,03m,1,MC,26b,3,S,S,2001,6.066185,11.153839,2002,8.887101,14.159221,1,0,NA,NA,238.604427,1140.903618
Olow,03m,1,MC,26e,3,S,S,2001,3.049456,7.248697,2002,3.481758,9.49717,1,0,NA,NA,238.604427,1140.903618
Olow,03m,1,MC,26f,3,I,S,2001,1.282197,4.328848,2002,2.798047,6.787009,1,0,NA,NA,238.604427,1140.903618
Olow,03m,1,MC,26g,3,I,D,2001,4.476587,13.365041,2002,NA,NA,0,NA,NA,NA,238.604427,1140.903618
Olow,03m,1,MC,35b,3,NA,I,2001,11.799255,19.834997,2002,2.747486,7.370508,NA,NA,1,clonal,238.604427,1140.903618
Olow,03m,1,MC,35,3,S,I,2001,11.799255,19.834997,2002,11.239299,22.826674,1,1,1,NA,238.604427,1140.903618
Olow,03m,1,MC,35a,3,I,D,2001,2.607641,8.484031,2002,NA,NA,0,NA,NA,NA,238.604427,1140.903618
Olow,03m,1,MC,35aa,3,I,D,2001,0.940901,4.240445,2002,NA,NA,0,NA,NA,NA,238.604427,1140.903618
Olow,03m,1,MC,40,3,R,S,2001,1.28921,4.420687,2002,2.492387,6.210033,1,0,NA,NA,238.604427,1140.903618
Olow,03m,1,MC,41,3,NA,R,2001,NA,NA,2002,1.122666,4.222662,NA,NA,NA,sexual,238.604427,1140.903618
Olow,03m,1,MC,42,3,NA,R,2001,NA,NA,2002,1.311117,4.856096,NA,NA,NA,sexual,238.604427,1140.903618
Olow,03m,1,MC,43,3,NA,R,2001,NA,NA,2002,33.577708,35.533549,NA,NA,NA,sexual,238.604427,1140.903618
Olow,03m,1,MC,44,3,NA,R,2001,NA,NA,2002,3.775926,9.050676,NA,NA,NA,sexual,238.604427,1140.903618
Olow,03m,1,MC,45,3,NA,R,2001,NA,NA,2002,8.483769,13.761835,NA,NA,NA,sexual,238.604427,1140.903618
Olow,03m,1,MC,46,3,NA,R,2001,NA,NA,2002,16.767596,24.89829,NA,NA,NA,sexual,238.604427,1140.903618
Olow,03m,2,MC,1,3,U,U,2001,82.677353,67.95682,2002,205.621879,112.0541,1,0,NA,NA,216.60068,216.60068
Olow,03m,2,MC,2,3,S,U,2001,30.411493,37.679174,2002,205.621879,112.0541,0,0,NA,NA,216.60068,216.60068
Olow,03m,2,MC,03a,3,S,U,2001,18.668885,30.926704,2002,205.621879,112.0541,0,0,NA,NA,216.60068,216.60068
Olow,03m,2,MC,5,3,S,U,2001,3.247183,7.66321,2002,205.621879,112.0541,0,0,NA,NA,216.60068,216.60068
Olow,03m,2,MC,7,3,U,S,2001,45.613006,42.188078,2002,46.845422,40.011977,1,0,NA,NA,216.60068,216.60068
Olow,03m,2,MC,11,3,S,S,2001,17.35138,29.817756,2002,28.78478,35.782604,1,0,NA,NA,216.60068,216.60068
Olow,03m,2,MC,11aa,3,NA,I,2001,2.696711,7.111932,2002,1.435196,4.88759,NA,NA,1,clonal,216.60068,216.60068
Olow,03m,2,MC,11a,3,S,I,2001,2.696711,7.111932,2002,2.450654,6.550832,1,1,1,NA,216.60068,216.60068
Olow,03m,2,MC,12,3,S,S,2001,8.944272,13.768618,2002,6.143876,10.654701,1,0,NA,NA,216.60068,216.60068
Olow,03m,2,MC,13,3,S,S,2001,6.990397,13.818108,2002,4.149822,8.691932,1,0,NA,NA,216.60068,216.60068
Olow,03m,3,MC,01a,3,NA,I,2001,23.442222,31.228903,2002,5.669635,11.943785,NA,NA,1,clonal,57.338889,260.88179
Olow,03m,3,MC,1,3,S,I,2001,23.442222,31.228903,2002,23.650675,26.901818,1,1,1,NA,57.338889,260.88179
Olow,03m,3,MC,4,3,I,S,2001,5.906667,10.922421,2002,6.462511,10.965432,1,0,NA,NA,57.338889,260.88179
Olow,03m,3,MC,04a,3,S,S,2001,8.521111,14.609426,2002,12.835392,18.522587,1,0,NA,NA,57.338889,260.88179
Olow,03m,3,MC,04b,3,I,D,2001,5.118889,9.823402,2002,NA,NA,0,NA,NA,NA,57.338889,260.88179
Olow,03m,3,MC,5,3,U,S,2001,8.834444,15.350848,2002,12.706693,20.660589,1,0,NA,NA,57.338889,260.88179
Olow,03m,3,MC,9,3,S,S,2001,5.515556,13.730221,2002,8.728526,16.411255,1,0,NA,NA,57.338889,260.88179
Olow,03m,3,MC,11,3,NA,R,2001,NA,NA,2002,2.072968,6.056286,NA,NA,NA,sexual,57.338889,260.88179
Olow,07m,1,MC,3,7,S,S,2001,15.768889,25.115958,2002,66.213748,42.850488,1,0,NA,NA,563.186666,1181.122574
Olow,07m,1,MC,04a,7,S,D,2001,1.868889,7.76176,2002,NA,NA,0,NA,NA,NA,563.186666,1181.122574
Olow,07m,1,MC,04b,7,S,D,2001,1.552222,7.485043,2002,NA,NA,0,NA,NA,NA,563.186666,1181.122574
Olow,07m,1,MC,6,7,S,S,2001,140.321111,78.111836,2002,12.366133,19.283129,1,0,NA,NA,563.186666,1181.122574
Olow,07m,1,MC,10,7,M,U,2001,374.333333,194.8431,2002,447.012346,167.010126,1,0,NA,NA,563.186666,1181.122574
Olow,07m,1,MC,10b,7,I,U,2001,2.21,8.972911,2002,447.012346,167.010126,0,0,NA,NA,563.186666,1181.122574
Olow,07m,1,MC,10c,7,I,U,2001,0.293333,2.154247,2002,447.012346,167.010126,0,0,NA,NA,563.186666,1181.122574
Olow,07m,1,MC,10d,7,I,U,2001,1.218889,8.537496,2002,447.012346,167.010126,0,0,NA,NA,563.186666,1181.122574
Olow,07m,1,MC,11,7,S,S,2001,5.425556,11.039291,2002,53.065673,46.201749,1,0,NA,NA,563.186666,1181.122574
Olow,07m,1,MC,12,7,U,D,2001,14.534444,17.561999,2002,NA,NA,0,NA,NA,NA,563.186666,1181.122574
Olow,07m,1,MC,14a,7,NA,I,2001,4.032222,14.551135,2002,1.116225,4.29223,NA,NA,1,clonal,563.186666,1181.122574
Olow,07m,1,MC,14,7,R,I,2001,4.032222,14.551135,2002,11.565491,17.600037,1,1,1,NA,563.186666,1181.122574
Olow,07m,2,MC,1,7,U,S,2001,214.414196,74.811351,2002,219.908711,78.845871,1,0,NA,NA,619.295174,1133.141297
Olow,07m,2,MC,2,7,S,S,2001,367.278298,145.304795,2002,388.568145,200.04851,1,0,NA,NA,619.295174,1133.141297
Olow,07m,2,MC,5,7,S,S,2001,24.415609,22.582259,2002,31.855588,26.455513,1,0,NA,NA,619.295174,1133.141297
Olow,07m,2,MC,6,7,R,U,2001,2.556523,7.495324,2002,46.381698,47.678634,0,0,NA,NA,619.295174,1133.141297
Olow,07m,2,MC,7,7,R,U,2001,3.418742,8.39524,2002,46.381698,47.678634,0,0,NA,NA,619.295174,1133.141297
Olow,07m,2,MC,8,7,R,U,2001,7.211806,12.715638,2002,46.381698,47.678634,1,0,NA,NA,619.295174,1133.141297
Olow,07m,3,MC,01j,7,NA,I,2001,621.34708,296.081095,2002,2.462545,7.207317,NA,NA,7,clonal,1618.724102,1618.724102
Olow,07m,3,MC,01k,7,NA,I,2001,621.34708,296.081095,2002,2.719382,7.86088,NA,NA,7,clonal,1618.724102,1618.724102
Olow,07m,3,MC,01l,7,NA,I,2001,621.34708,296.081095,2002,7.526754,16.03515,NA,NA,7,clonal,1618.724102,1618.724102
Olow,07m,3,MC,01m,7,NA,I,2001,621.34708,296.081095,2002,1.64566,5.748941,NA,NA,7,clonal,1618.724102,1618.724102
Olow,07m,3,MC,01n,7,NA,I,2001,621.34708,296.081095,2002,2.732461,7.767111,NA,NA,7,clonal,1618.724102,1618.724102
Olow,07m,3,MC,01o,7,NA,I,2001,621.34708,296.081095,2002,12.066587,15.591057,NA,NA,7,clonal,1618.724102,1618.724102
Olow,07m,3,MC,01p,7,NA,I,2001,621.34708,296.081095,2002,2.021403,6.208035,NA,NA,7,clonal,1618.724102,1618.724102
Olow,07m,3,MC,01e,7,S,U,2001,4.865193,9.776275,2002,551.404281,312.685067,0,0,NA,NA,1618.724102,1618.724102
Olow,07m,3,MC,01g,7,I,U,2001,471.302309,154.659333,2002,572.041617,159.758828,1,0,NA,NA,1618.724102,1618.724102
Olow,07m,3,MC,01h,7,I,S,2001,14.739072,22.57887,2002,17.192628,21.095574,1,0,NA,NA,1618.724102,1618.724102
Olow,07m,3,MC,01ia,7,NA,I,2001,124.331333,81.719175,2002,1.980975,5.772309,NA,NA,3,clonal,1618.724102,1618.724102
Olow,07m,3,MC,01ib,7,NA,I,2001,124.331333,81.719175,2002,3.93698,10.51677,NA,NA,3,clonal,1618.724102,1618.724102
Olow,07m,3,MC,01ic,7,NA,I,2001,124.331333,81.719175,2002,20.004756,18.577912,NA,NA,3,clonal,1618.724102,1618.724102
Olow,07m,3,MC,01i,7,I,I,2001,124.331333,81.719175,2002,88.580262,81.287512,1,1,3,NA,1618.724102,1618.724102
Olow,07m,3,MC,8,7,S,S,2001,10.975496,17.40269,2002,14.107015,18.039753,1,0,NA,NA,1618.724102,1618.724102
Olow,07m,3,MC,9,7,S,U,2001,14.211426,17.8685,2002,572.041617,159.758828,0,0,NA,NA,1618.724102,1618.724102
Olow,07m,3,MC,13a,7,NA,I,2001,155.150625,93.306958,2002,29.770511,37.740175,NA,NA,3,clonal,1618.724102,1618.724102
Olow,07m,3,MC,13b,7,NA,I,2001,155.150625,93.306958,2002,2.01308,7.718047,NA,NA,3,clonal,1618.724102,1618.724102
Olow,07m,3,MC,13c,7,NA,I,2001,155.150625,93.306958,2002,5.074911,9.595117,NA,NA,3,clonal,1618.724102,1618.724102
Olow,07m,3,MC,13,7,U,I,2001,155.150625,93.306958,2002,87.256837,73.972317,1,1,3,NA,1618.724102,1618.724102
Olow,07m,3,MC,15,7,S,U,2001,6.308029,13.62394,2002,572.041617,159.758828,0,0,NA,NA,1618.724102,1618.724102
Olow,07m,3,MC,16,7,NA,R,2001,NA,NA,2002,1.167658,4.344233,NA,NA,NA,sexual,1618.724102,1618.724102
Olow,07m,3,MC,14,7,S,S,2001,195.493539,69.76949,2002,195.041617,71.488768,1,0,NA,NA,1618.724102,1618.724102
Olow,07m,4,MC,2,7,S,S,2001,101.181387,61.047011,2002,185.637337,84.703458,1,0,NA,NA,286.267807,967.925779
Olow,07m,4,MC,3,7,S,S,2001,171.786398,91.21509,2002,215.165279,83.699079,1,0,NA,NA,286.267807,967.925779
Olow,07m,4,MC,5,7,S,S,2001,13.300022,17.075068,2002,28.959572,27.983164,1,0,NA,NA,286.267807,967.925779
Olow,07m,4,MC,6,7,NA,R,2001,NA,NA,2002,6.133175,12.567269,NA,NA,NA,sexual,286.267807,967.925779
Olow,03m,1,MC,1,3,S,S,2002,38.210859,35.76244,2003,59.279429,44.467181,1,0,NA,NA,369.002397,885.14029
Olow,03m,1,MC,4,3,U,S,2002,4.207986,10.996629,2003,6.996116,14.547116,1,0,NA,NA,369.002397,885.14029
Olow,03m,1,MC,04a,3,S,U,2002,2.328067,6.598658,2003,7.030012,13.312274,1,0,NA,NA,369.002397,885.14029
Olow,03m,1,MC,04aa,3,S,U,2002,2.5395,7.134217,2003,7.030012,13.312274,0,0,NA,NA,369.002397,885.14029
Olow,03m,1,MC,04h,3,S,U,2002,4.521689,8.542907,2003,44.264671,41.03779,0,0,NA,NA,369.002397,885.14029
Olow,03m,1,MC,5,3,S,S,2002,1.708704,5.451227,2003,2.961373,7.482405,1,0,NA,NA,369.002397,885.14029
Olow,03m,1,MC,6,3,U,U,2002,25.951163,32.62905,2003,44.264671,41.03779,1,0,NA,NA,369.002397,885.14029
Olow,03m,1,MC,12,3,S,S,2002,14.40046,26.38271,2003,3.354565,9.668269,1,0,NA,NA,369.002397,885.14029
Olow,03m,1,MC,16,3,S,U,2002,3.900029,9.124994,2003,42.816185,38.293601,0,0,NA,NA,369.002397,885.14029
Olow,03m,1,MC,17b,3,NA,I,2002,27.359954,29.755213,2003,0.872255,3.798729,NA,NA,1,clonal,369.002397,885.14029
Olow,03m,1,MC,17a,3,S,S,2002,7.827636,12.626862,2003,9.171104,13.62563,1,0,NA,NA,369.002397,885.14029
Olow,03m,1,MC,22,3,S,D,2002,5.583453,12.099528,2003,NA,NA,0,NA,NA,NA,369.002397,885.14029
Olow,03m,1,MC,23,3,S,D,2002,4.473427,9.239027,2003,NA,NA,0,NA,NA,NA,369.002397,885.14029
Olow,03m,1,MC,26l,3,NA,I,2002,43.012927,51.065978,2003,3.420097,9.712137,NA,NA,1,clonal,369.002397,885.14029
Olow,03m,1,MC,26,3,I,I,2002,43.012927,51.065978,2003,11.311066,15.365083,1,1,1,NA,369.002397,885.14029
Olow,03m,1,MC,26b,3,S,S,2002,8.887101,14.159221,2003,3.464162,9.323688,1,0,NA,NA,369.002397,885.14029
Olow,03m,1,MC,26e,3,S,S,2002,3.481758,9.49717,2003,2.110585,6.446445,1,0,NA,NA,369.002397,885.14029
Olow,03m,1,MC,26f,3,S,S,2002,2.798047,6.787009,2003,5.911447,13.586539,1,0,NA,NA,369.002397,885.14029
Olow,03m,1,MC,26h,3,I,U,2002,23.349612,27.420927,2003,35.792952,34.861361,1,0,NA,NA,369.002397,885.14029
Olow,03m,1,MC,26i,3,I,U,2002,3.967825,8.891527,2003,35.792952,34.861361,0,0,NA,NA,369.002397,885.14029
Olow,03m,1,MC,26j,3,I,U,2002,1.484631,5.014661,2003,35.792952,34.861361,0,0,NA,NA,369.002397,885.14029
Olow,03m,1,MC,26k,3,I,S,2002,0.552715,3.116648,2003,2.030365,5.656035,1,0,NA,NA,369.002397,885.14029
Olow,03m,1,MC,35,3,I,U,2002,11.239299,22.826674,2003,42.828614,51.133308,1,0,NA,NA,369.002397,885.14029
Olow,03m,1,MC,35b,3,I,U,2002,2.747486,7.370508,2003,42.828614,51.133308,0,0,NA,NA,369.002397,885.14029
Olow,03m,1,MC,40,3,S,U,2002,2.492387,6.210033,2003,32.684697,34.731396,0,0,NA,NA,369.002397,885.14029
Olow,03m,1,MC,41,3,R,D,2002,1.122666,4.222662,2003,NA,NA,0,NA,NA,NA,369.002397,885.14029
Olow,03m,1,MC,42,3,R,S,2002,1.311117,4.856096,2003,3.239319,7.916991,1,0,NA,NA,369.002397,885.14029
Olow,03m,1,MC,43,3,R,U,2002,33.577708,35.533549,2003,42.816185,38.293601,1,0,NA,NA,369.002397,885.14029
Olow,03m,1,MC,44,3,R,S,2002,3.775926,9.050676,2003,18.708283,21.611827,1,0,NA,NA,369.002397,885.14029
Olow,03m,1,MC,45,3,R,D,2002,8.483769,13.761835,2003,NA,NA,0,NA,NA,NA,369.002397,885.14029
Olow,03m,1,MC,46,3,R,S,2002,16.767596,24.89829,2003,24.296589,32.184979,1,0,NA,NA,369.002397,885.14029
Olow,03m,1,MC,47,3,NA,R,2002,NA,NA,2003,3.964692,9.629997,NA,NA,NA,sexual,369.002397,885.14029
Olow,03m,1,MC,48,3,NA,R,2002,NA,NA,2003,13.465716,23.957431,NA,NA,NA,sexual,369.002397,885.14029
Olow,03m,1,MC,49,3,NA,R,2002,NA,NA,2003,7.653697,11.96045,NA,NA,NA,sexual,369.002397,885.14029
Olow,03m,1,MC,50,3,NA,R,2002,NA,NA,2003,3.07097,7.077355,NA,NA,NA,sexual,369.002397,885.14029
Olow,03m,1,MC,51,3,NA,R,2002,NA,NA,2003,4.385001,9.905662,NA,NA,NA,sexual,369.002397,885.14029
Olow,03m,2,MC,1,3,U,S,2002,205.621879,112.0541,2003,239.12439,92.222604,1,0,NA,NA,295.431629,295.431629
Olow,03m,2,MC,07b,3,NA,I,2002,46.845422,40.011977,2003,3.763286,9.095209,NA,NA,1,clonal,295.431629,295.431629
Olow,03m,2,MC,7,3,S,I,2002,46.845422,40.011977,2003,28.124102,24.651487,1,1,1,NA,295.431629,295.431629
Olow,03m,2,MC,11b,3,NA,I,2002,28.78478,35.782604,2003,4.550417,9.060605,NA,NA,1,clonal,295.431629,295.431629
Olow,03m,2,MC,11,3,S,I,2002,28.78478,35.782604,2003,12.6343,15.920521,1,1,1,NA,295.431629,295.431629
Olow,03m,2,MC,11a,3,I,D,2002,2.450654,6.550832,2003,NA,NA,0,NA,NA,NA,295.431629,295.431629
Olow,03m,2,MC,11aa,3,I,S,2002,1.435196,4.88759,2003,3.397874,7.975859,1,0,NA,NA,295.431629,295.431629
Olow,03m,2,MC,12,3,S,S,2002,6.143876,10.654701,2003,8.767596,13.157603,1,0,NA,NA,295.431629,295.431629
Olow,03m,2,MC,13,3,S,S,2002,4.149822,8.691932,2003,6.709566,14.759461,1,0,NA,NA,295.431629,295.431629
Olow,03m,3,MC,1,3,I,S,2002,23.650675,26.901818,2003,25.13912,35.677546,1,0,NA,NA,72.1264,261.882219
Olow,03m,3,MC,01a,3,I,D,2002,5.669635,11.943785,2003,NA,NA,0,NA,NA,NA,72.1264,261.882219
Olow,03m,3,MC,4,3,I,S,2002,6.462511,10.965432,2003,6.991677,15.655121,1,0,NA,NA,72.1264,261.882219
Olow,03m,3,MC,04a,3,S,U,2002,12.835392,18.522587,2003,33.148633,44.654302,0,0,NA,NA,72.1264,261.882219
Olow,03m,3,MC,5,3,S,U,2002,12.706693,20.660589,2003,33.148633,44.654302,1,0,NA,NA,72.1264,261.882219
Olow,03m,3,MC,9,3,S,U,2002,8.728526,16.411255,2003,33.148633,44.654302,0,0,NA,NA,72.1264,261.882219
Olow,03m,3,MC,11,3,R,S,2002,2.072968,6.056286,2003,2.783591,6.95106,1,0,NA,NA,72.1264,261.882219
Olow,03m,3,MC,12,3,NA,R,2002,NA,NA,2003,8.940547,19.676162,NA,NA,NA,sexual,72.1264,261.882219
Olow,03m,3,MC,13,3,NA,R,2002,NA,NA,2003,2.122473,6.539297,NA,NA,NA,sexual,72.1264,261.882219
Olow,03m,3,MC,14,3,NA,R,2002,NA,NA,2003,11.235434,18.352549,NA,NA,NA,sexual,72.1264,261.882219
Olow,03m,3,MC,15,3,NA,R,2002,NA,NA,2003,1.416171,6.769561,NA,NA,NA,sexual,72.1264,261.882219
Olow,07m,1,MC,3,7,S,S,2002,66.213748,42.850488,2003,50.617076,51.790669,1,0,NA,NA,591.339616,1174.194754
Olow,07m,1,MC,6,7,S,S,2002,12.366133,19.283129,2003,9.0023,13.580216,1,0,NA,NA,591.339616,1174.194754
Olow,07m,1,MC,10,7,U,S,2002,447.012346,167.010126,2003,473.758769,177.188759,1,0,NA,NA,591.339616,1174.194754
Olow,07m,1,MC,11a,7,NA,I,2002,53.065673,46.201749,2003,8.700987,12.210547,NA,NA,1,clonal,591.339616,1174.194754
Olow,07m,1,MC,11,7,S,I,2002,53.065673,46.201749,2003,14.537184,17.472748,1,1,1,NA,591.339616,1174.194754
Olow,07m,1,MC,14,7,I,D,2002,11.565491,17.600037,2003,NA,NA,0,NA,NA,NA,591.339616,1174.194754
Olow,07m,1,MC,14a,7,I,D,2002,1.116225,4.29223,2003,NA,NA,0,NA,NA,NA,591.339616,1174.194754
Olow,07m,2,MC,01c,7,NA,I,2002,219.908711,78.845871,2003,6.752602,14.406747,NA,NA,3,clonal,686.714142,1233.798671
Olow,07m,2,MC,01d,7,NA,I,2002,219.908711,78.845871,2003,4.155538,9.036475,NA,NA,3,clonal,686.714142,1233.798671
Olow,07m,2,MC,01e,7,NA,I,2002,219.908711,78.845871,2003,0.950174,4.025917,NA,NA,3,clonal,686.714142,1233.798671
Olow,07m,2,MC,1,7,S,I,2002,219.908711,78.845871,2003,84.668054,96.852419,1,1,3,NA,686.714142,1233.798671
Olow,07m,2,MC,02a,7,NA,I,2002,388.568145,200.04851,2003,2.724382,7.832318,NA,NA,2,clonal,686.714142,1233.798671
Olow,07m,2,MC,02b,7,NA,I,2002,388.568145,200.04851,2003,11.507009,14.092139,NA,NA,2,clonal,686.714142,1233.798671
Olow,07m,2,MC,2,7,S,I,2002,388.568145,200.04851,2003,405.258671,166.793682,1,1,2,NA,686.714142,1233.798671
Olow,07m,2,MC,5,7,S,S,2002,31.855588,26.455513,2003,43.185765,32.941159,1,0,NA,NA,686.714142,1233.798671
Olow,07m,2,MC,08a,7,NA,I,2002,46.381698,47.678634,2003,29.785481,26.72674,NA,NA,1,clonal,686.714142,1233.798671
Olow,07m,2,MC,8,7,U,I,2002,46.381698,47.678634,2003,46.111735,34.009702,1,1,1,NA,686.714142,1233.798671
Olow,07m,2,MC,13,7,NA,R,2002,NA,NA,2003,1.00676,4.864888,NA,NA,NA,sexual,686.714142,1233.798671
Olow,07m,3,MC,01q,7,NA,I,2002,551.404281,312.685067,2003,201.418365,146.568578,NA,NA,1,clonal,1620.74792,1620.74792
Olow,07m,3,MC,1,7,M,I,2002,551.404281,312.685067,2003,317.653006,247.689507,1,1,1,NA,1620.74792,1620.74792
Olow,07m,3,MC,01g,7,U,U,2002,572.041617,159.758828,2003,712.546424,272.722609,1,0,NA,NA,1620.74792,1620.74792
Olow,07m,3,MC,01h,7,S,S,2002,17.192628,21.095574,2003,3.13478,7.625477,1,0,NA,NA,1620.74792,1620.74792
Olow,07m,3,MC,01id,7,NA,I,2002,88.580262,81.287512,2003,3.013222,6.810118,NA,NA,1,clonal,1620.74792,1620.74792
Olow,07m,3,MC,01ia,7,I,D,2002,1.980975,5.772309,2003,NA,NA,0,NA,NA,NA,1620.74792,1620.74792
Olow,07m,3,MC,01ib,7,I,S,2002,3.93698,10.51677,2003,2.870626,9.731391,1,0,NA,NA,1620.74792,1620.74792
Olow,07m,3,MC,01ic,7,I,S,2002,20.004756,18.577912,2003,4.362043,8.734367,1,0,NA,NA,1620.74792,1620.74792
Olow,07m,3,MC,01j,7,I,D,2002,2.462545,7.207317,2003,NA,NA,0,NA,NA,NA,1620.74792,1620.74792
Olow,07m,3,MC,01k,7,I,D,2002,2.719382,7.86088,2003,NA,NA,0,NA,NA,NA,1620.74792,1620.74792
Olow,07m,3,MC,01l,7,I,S,2002,7.526754,16.03515,2003,2.676602,6.835004,1,0,NA,NA,1620.74792,1620.74792
Olow,07m,3,MC,01m,7,I,U,2002,1.64566,5.748941,2003,60.862883,47.415927,0,0,NA,NA,1620.74792,1620.74792
Olow,07m,3,MC,01n,7,I,S,2002,2.732461,7.767111,2003,6.393455,10.570507,1,0,NA,NA,1620.74792,1620.74792
Olow,07m,3,MC,01o,7,I,U,2002,12.066587,15.591057,2003,60.862883,47.415927,1,0,NA,NA,1620.74792,1620.74792
Olow,07m,3,MC,01p,7,I,S,2002,2.021403,6.208035,2003,3.952955,9.17751,1,0,NA,NA,1620.74792,1620.74792
Olow,07m,3,MC,8,7,S,U,2002,14.107015,18.039753,2003,110.093652,91.634181,0,0,NA,NA,1620.74792,1620.74792
Olow,07m,3,MC,13,7,I,U,2002,87.256837,73.972317,2003,103.014099,98.522394,1,0,NA,NA,1620.74792,1620.74792
Olow,07m,3,MC,13a,7,I,S,2002,29.770511,37.740175,2003,7.984221,12.132554,1,0,NA,NA,1620.74792,1620.74792
Olow,07m,3,MC,13b,7,I,D,2002,2.01308,7.718047,2003,NA,NA,0,NA,NA,NA,1620.74792,1620.74792
Olow,07m,3,MC,13c,7,I,U,2002,5.074911,9.595117,2003,110.093652,91.634181,0,0,NA,NA,1620.74792,1620.74792
Olow,07m,3,MC,14,7,S,U,2002,195.041617,71.488768,2003,712.546424,272.722609,0,0,NA,NA,1620.74792,1620.74792
Olow,07m,3,MC,16,7,R,S,2002,1.167658,4.344233,2003,2.020893,5.621121,1,0,NA,NA,1620.74792,1620.74792
Olow,07m,3,MC,17,7,NA,R,2002,NA,NA,2003,0.826357,4.252176,NA,NA,NA,sexual,1620.74792,1620.74792
Olow,07m,4,MC,2,7,S,S,2002,185.637337,84.703458,2003,312.736043,93.28338,1,0,NA,NA,435.895363,1058.099881
Olow,07m,4,MC,3,7,S,S,2002,215.165279,83.699079,2003,199.206012,84.497617,1,0,NA,NA,435.895363,1058.099881
Olow,07m,4,MC,5,7,S,S,2002,28.959572,27.983164,2003,58.039801,43.937225,1,0,NA,NA,435.895363,1058.099881
Olow,07m,4,MC,6,7,R,S,2002,6.133175,12.567269,2003,21.237918,26.953341,1,0,NA,NA,435.895363,1058.099881
Olow,03m,1,MC,1,3,S,U,2003,59.279429,44.467181,2004,103.022006,74.021427,1,0,NA,NA,395.083962,1048.288014
Olow,03m,1,MC,4,3,S,S,2003,6.996116,14.547116,2004,3.002271,7.051184,1,0,NA,NA,395.083962,1048.288014
Olow,03m,1,MC,04a,3,S,U,2003,7.030012,13.312274,2004,10.683374,18.087096,1,0,NA,NA,395.083962,1048.288014
Olow,03m,1,MC,5,3,S,U,2003,2.961373,7.482405,2004,14.339729,20.046577,0,0,NA,NA,395.083962,1048.288014
Olow,03m,1,MC,6,3,U,U,2003,44.264671,41.03779,2004,113.722923,96.621402,1,0,NA,NA,395.083962,1048.288014
Olow,03m,1,MC,12,3,S,S,2003,3.354565,9.668269,2004,8.5883,14.646226,1,0,NA,NA,395.083962,1048.288014
Olow,03m,1,MC,17,3,M,U,2003,32.684697,34.731396,2004,113.722923,96.621402,0,0,NA,NA,395.083962,1048.288014
Olow,03m,1,MC,17a,3,S,S,2003,9.171104,13.62563,2004,9.850106,14.157461,1,0,NA,NA,395.083962,1048.288014
Olow,03m,1,MC,17b,3,I,U,2003,0.872255,3.798729,2004,113.722923,96.621402,0,0,NA,NA,395.083962,1048.288014
Olow,03m,1,MC,26,3,I,S,2003,11.311066,15.365083,2004,2.2091,6.885603,1,0,NA,NA,395.083962,1048.288014
Olow,03m,1,MC,26b,3,S,S,2003,3.464162,9.323688,2004,4.044796,8.565151,1,0,NA,NA,395.083962,1048.288014
Olow,03m,1,MC,26e,3,S,U,2003,2.110585,6.446445,2004,69.555956,57.672833,0,0,NA,NA,395.083962,1048.288014
Olow,03m,1,MC,26f,3,S,S,2003,5.911447,13.586539,2004,14.136737,20.336573,1,0,NA,NA,395.083962,1048.288014
Olow,03m,1,MC,26h,3,U,U,2003,35.792952,34.861361,2004,69.555956,57.672833,1,0,NA,NA,395.083962,1048.288014
Olow,03m,1,MC,26k,3,S,U,2003,2.030365,5.656035,2004,69.555956,57.672833,0,0,NA,NA,395.083962,1048.288014
Olow,03m,1,MC,26l,3,I,S,2003,3.420097,9.712137,2004,8.188582,16.816317,1,0,NA,NA,395.083962,1048.288014
Olow,03m,1,MC,35,3,U,S,2003,42.828614,51.133308,2004,46.924896,50.550852,1,0,NA,NA,395.083962,1048.288014
Olow,03m,1,MC,42,3,S,S,2003,3.239319,7.916991,2004,4.399405,9.082072,1,0,NA,NA,395.083962,1048.288014
Olow,03m,1,MC,43,3,U,S,2003,42.816185,38.293601,2004,5.784008,10.901434,1,0,NA,NA,395.083962,1048.288014
Olow,03m,1,MC,44,3,S,S,2003,18.708283,21.611827,2004,27.070562,25.909926,1,0,NA,NA,395.083962,1048.288014
Olow,03m,1,MC,46,3,S,S,2003,24.296589,32.184979,2004,51.612499,35.856345,1,0,NA,NA,395.083962,1048.288014
Olow,03m,1,MC,47,3,R,D,2003,3.964692,9.629997,2004,NA,NA,0,NA,NA,NA,395.083962,1048.288014
Olow,03m,1,MC,48,3,R,U,2003,13.465716,23.957431,2004,14.339729,20.046577,1,0,NA,NA,395.083962,1048.288014
Olow,03m,1,MC,49,3,R,D,2003,7.653697,11.96045,2004,NA,NA,0,NA,NA,NA,395.083962,1048.288014
Olow,03m,1,MC,50,3,R,D,2003,3.07097,7.077355,2004,NA,NA,0,NA,NA,NA,395.083962,1048.288014
Olow,03m,1,MC,51,3,R,D,2003,4.385001,9.905662,2004,NA,NA,0,NA,NA,NA,395.083962,1048.288014
Olow,03m,1,MC,52,3,NA,R,2003,NA,NA,2004,0.964837,4.115952,NA,NA,NA,sexual,395.083962,1048.288014
Olow,03m,1,MC,53,3,NA,R,2003,NA,NA,2004,1.205419,4.480608,NA,NA,NA,sexual,395.083962,1048.288014
Olow,03m,1,MC,54,3,NA,R,2003,NA,NA,2004,3.438327,7.784916,NA,NA,NA,sexual,395.083962,1048.288014
Olow,03m,1,MC,55,3,NA,R,2003,NA,NA,2004,1.760514,5.209003,NA,NA,NA,sexual,395.083962,1048.288014
Olow,03m,1,MC,56,3,NA,R,2003,NA,NA,2004,2.368236,7.035785,NA,NA,NA,sexual,395.083962,1048.288014
Olow,03m,2,MC,01a,3,NA,I,2003,239.12439,92.222604,2004,2.995034,7.510474,NA,NA,1,clonal,307.071531,307.071531
Olow,03m,2,MC,1,3,S,I,2003,239.12439,92.222604,2004,291.152597,107.950276,1,1,1,NA,307.071531,307.071531
Olow,03m,2,MC,7,3,I,S,2003,28.124102,24.651487,2004,31.076172,26.123432,1,0,NA,NA,307.071531,307.071531
Olow,03m,2,MC,07b,3,I,S,2003,3.763286,9.095209,2004,7.14418,15.523645,1,0,NA,NA,307.071531,307.071531
Olow,03m,2,MC,11,3,I,U,2003,12.6343,15.920521,2004,31.253935,29.468545,1,0,NA,NA,307.071531,307.071531
Olow,03m,2,MC,11aa,3,S,U,2003,3.397874,7.975859,2004,31.253935,29.468545,0,0,NA,NA,307.071531,307.071531
Olow,03m,2,MC,11b,3,I,S,2003,4.550417,9.060605,2004,22.134164,25.441701,1,0,NA,NA,307.071531,307.071531
Olow,03m,2,MC,12,3,S,S,2003,8.767596,13.157603,2004,19.960609,21.147676,1,0,NA,NA,307.071531,307.071531
Olow,03m,2,MC,13,3,S,S,2003,6.709566,14.759461,2004,5.936201,12.282011,1,0,NA,NA,307.071531,307.071531
Olow,03m,2,MC,14,3,NA,R,2003,NA,NA,2004,3.039475,7.609054,NA,NA,NA,sexual,307.071531,307.071531
Olow,03m,3,MC,01b,3,NA,I,2003,25.13912,35.677546,2004,8.421053,14.676589,NA,NA,2,clonal,91.777646,294.010704
Olow,03m,3,MC,01c,3,NA,I,2003,25.13912,35.677546,2004,3.242844,9.01913,NA,NA,2,clonal,91.777646,294.010704
Olow,03m,3,MC,1,3,S,I,2003,25.13912,35.677546,2004,22.882118,30.352662,1,1,2,NA,91.777646,294.010704
Olow,03m,3,MC,04c,3,NA,I,2003,6.991677,15.655121,2004,3.848569,7.983526,NA,NA,1,clonal,91.777646,294.010704
Olow,03m,3,MC,4,3,S,I,2003,6.991677,15.655121,2004,6.052324,9.65892,1,1,1,NA,91.777646,294.010704
Olow,03m,3,MC,5,3,U,S,2003,33.148633,44.654302,2004,37.904586,44.756207,1,0,NA,NA,91.777646,294.010704
Olow,03m,3,MC,11,3,S,S,2003,2.783591,6.95106,2004,4.78301,9.275751,1,0,NA,NA,91.777646,294.010704
Olow,03m,3,MC,12,3,R,S,2003,8.940547,19.676162,2004,16.611881,26.05584,1,0,NA,NA,91.777646,294.010704
Olow,03m,3,MC,13,3,R,D,2003,2.122473,6.539297,2004,NA,NA,0,NA,NA,NA,91.777646,294.010704
Olow,03m,3,MC,14,3,R,D,2003,11.235434,18.352549,2004,NA,NA,0,NA,NA,NA,91.777646,294.010704
Olow,03m,3,MC,15,3,R,S,2003,1.416171,6.769561,2004,0.778086,3.657334,1,0,NA,NA,91.777646,294.010704
Olow,07m,1,MC,03a,7,NA,I,2003,50.617076,51.790669,2004,7.95691,12.482662,NA,NA,1,clonal,556.616316,1133.433336
Olow,07m,1,MC,3,7,S,I,2003,50.617076,51.790669,2004,29.795014,39.057943,1,1,1,NA,556.616316,1133.433336
Olow,07m,1,MC,6,7,S,S,2003,9.0023,13.580216,2004,11.916282,17.218472,1,0,NA,NA,556.616316,1133.433336
Olow,07m,1,MC,10,7,S,S,2003,473.758769,177.188759,2004,496.23638,137.505561,1,0,NA,NA,556.616316,1133.433336
Olow,07m,1,MC,11,7,I,U,2003,14.537184,17.472748,2004,37.611573,35.516274,1,0,NA,NA,556.616316,1133.433336
Olow,07m,1,MC,11a,7,I,U,2003,8.700987,12.210547,2004,37.611573,35.516274,0,0,NA,NA,556.616316,1133.433336
Olow,07m,2,MC,1,7,I,D,2003,84.668054,96.852419,2004,NA,NA,0,NA,NA,NA,636.106171,1254.337046
Olow,07m,2,MC,01c,7,I,D,2003,6.752602,14.406747,2004,NA,NA,0,NA,NA,NA,636.106171,1254.337046
Olow,07m,2,MC,01d,7,I,D,2003,4.155538,9.036475,2004,NA,NA,0,NA,NA,NA,636.106171,1254.337046
Olow,07m,2,MC,01e,7,I,D,2003,0.950174,4.025917,2004,NA,NA,0,NA,NA,NA,636.106171,1254.337046
Olow,07m,2,MC,2,7,I,U,2003,405.258671,166.793682,2004,532.384198,194.478682,1,0,NA,NA,636.106171,1254.337046
Olow,07m,2,MC,02a,7,I,U,2003,2.724382,7.832318,2004,532.384198,194.478682,0,0,NA,NA,636.106171,1254.337046
Olow,07m,2,MC,02b,7,I,U,2003,11.507009,14.092139,2004,532.384198,194.478682,0,0,NA,NA,636.106171,1254.337046
Olow,07m,2,MC,5,7,S,S,2003,43.185765,32.941159,2004,54.835657,34.291866,1,0,NA,NA,636.106171,1254.337046
Olow,07m,2,MC,8,7,I,U,2003,46.111735,34.009702,2004,87.150706,58.037161,1,0,NA,NA,636.106171,1254.337046
Olow,07m,2,MC,08a,7,I,U,2003,29.785481,26.72674,2004,87.150706,58.037161,0,0,NA,NA,636.106171,1254.337046
Olow,07m,2,MC,13,7,R,D,2003,1.00676,4.864888,2004,NA,NA,0,NA,NA,NA,636.106171,1254.337046
Olow,07m,2,MC,14,7,NA,R,2003,NA,NA,2004,9.718101,15.990645,NA,NA,NA,sexual,636.106171,1254.337046
Olow,07m,2,MC,15,7,NA,R,2003,NA,NA,2004,1.177019,4.41896,NA,NA,NA,sexual,636.106171,1254.337046
Olow,07m,3,MC,01r,7,NA,I,2003,317.653006,247.689507,2004,4.259186,9.141482,NA,NA,3,clonal,1542.823583,1542.823583
Olow,07m,3,MC,01s,7,NA,I,2003,317.653006,247.689507,2004,2.143619,6.846736,NA,NA,3,clonal,1542.823583,1542.823583
Olow,07m,3,MC,01t,7,NA,I,2003,317.653006,247.689507,2004,6.640076,11.144415,NA,NA,3,clonal,1542.823583,1542.823583
Olow,07m,3,MC,1,7,I,I,2003,317.653006,247.689507,2004,106.853678,105.748512,1,1,3,NA,1542.823583,1542.823583
Olow,07m,3,MC,01g,7,U,U,2003,712.546424,272.722609,2004,1084.664183,361.339164,1,0,NA,NA,1542.823583,1542.823583
Olow,07m,3,MC,01h,7,S,S,2003,3.13478,7.625477,2004,4.895025,8.854233,1,0,NA,NA,1542.823583,1542.823583
Olow,07m,3,MC,01i,7,M,U,2003,110.093652,91.634181,2004,1084.664183,361.339164,0,0,NA,NA,1542.823583,1542.823583
Olow,07m,3,MC,01ib,7,S,U,2003,2.870626,9.731391,2004,1084.664183,361.339164,0,0,NA,NA,1542.823583,1542.823583
Olow,07m,3,MC,01ic,7,S,U,2003,4.362043,8.734367,2004,1084.664183,361.339164,0,0,NA,NA,1542.823583,1542.823583
Olow,07m,3,MC,01id,7,I,U,2003,3.013222,6.810118,2004,1084.664183,361.339164,0,0,NA,NA,1542.823583,1542.823583
Olow,07m,3,MC,01l,7,S,U,2003,2.676602,6.835004,2004,336.023376,156.876723,0,0,NA,NA,1542.823583,1542.823583
Olow,07m,3,MC,01n,7,S,U,2003,6.393455,10.570507,2004,336.023376,156.876723,0,0,NA,NA,1542.823583,1542.823583
Olow,07m,3,MC,01o,7,U,U,2003,60.862883,47.415927,2004,336.023376,156.876723,0,0,NA,NA,1542.823583,1542.823583
Olow,07m,3,MC,01p,7,S,U,2003,3.952955,9.17751,2004,1084.664183,361.339164,0,0,NA,NA,1542.823583,1542.823583
Olow,07m,3,MC,01qa,7,NA,I,2003,201.418365,146.568578,2004,38.194755,47.371848,NA,NA,2,clonal,1542.823583,1542.823583
Olow,07m,3,MC,01qb,7,NA,I,2003,201.418365,146.568578,2004,7.187085,13.81221,NA,NA,2,clonal,1542.823583,1542.823583
Olow,07m,3,MC,13,7,U,S,2003,103.014099,98.522394,2004,137.043173,112.254791,1,0,NA,NA,1542.823583,1542.823583
Olow,07m,3,MC,13a,7,S,S,2003,7.984221,12.132554,2004,13.705603,20.418623,1,0,NA,NA,1542.823583,1542.823583
Olow,07m,3,MC,16,7,S,D,2003,2.020893,5.621121,2004,NA,NA,0,NA,NA,NA,1542.823583,1542.823583
Olow,07m,3,MC,17,7,R,D,2003,0.826357,4.252176,2004,NA,NA,0,NA,NA,NA,1542.823583,1542.823583
Olow,07m,4,MC,2,7,S,S,2003,312.736043,93.28338,2004,438.00632,128.249709,1,0,NA,NA,591.219774,972.67368
Olow,07m,4,MC,3,7,S,S,2003,199.206012,84.497617,2004,203.967825,94.689418,1,0,NA,NA,591.219774,972.67368
Olow,07m,4,MC,5,7,S,S,2003,58.039801,43.937225,2004,97.360529,53.80904,1,0,NA,NA,591.219774,972.67368
Olow,07m,4,MC,6,7,S,S,2003,21.237918,26.953341,2004,64.081586,44.345062,1,0,NA,NA,591.219774,972.67368
Olow,03m,1,MC,1,3,U,S,2004,103.022006,74.021427,2005,201.832647,83.528002,1,0,NA,NA,506.872583,1124.953247
Olow,03m,1,MC,4,3,S,S,2004,3.002271,7.051184,2005,16.631001,25.682218,1,0,NA,NA,506.872583,1124.953247
Olow,03m,1,MC,04a,3,U,S,2004,10.683374,18.087096,2005,4.016461,9.306957,1,0,NA,NA,506.872583,1124.953247
Olow,03m,1,MC,06c,3,NA,I,2004,113.722923,96.621402,2005,56.894376,50.738077,NA,NA,2,clonal,506.872583,1124.953247
Olow,03m,1,MC,06d,3,NA,I,2004,113.722923,96.621402,2005,1.781893,5.231341,NA,NA,2,clonal,506.872583,1124.953247
Olow,03m,1,MC,6,3,U,I,2004,113.722923,96.621402,2005,120.8107,92.440393,1,1,2,NA,506.872583,1124.953247
Olow,03m,1,MC,12,3,S,U,2004,8.5883,14.646226,2005,115.888889,81.285626,0,0,NA,NA,506.872583,1124.953247
Olow,03m,1,MC,17a,3,S,U,2004,9.850106,14.157461,2005,120.8107,92.440393,0,0,NA,NA,506.872583,1124.953247
Olow,03m,1,MC,26,3,S,U,2004,2.2091,6.885603,2005,199.500686,105.855775,0,0,NA,NA,506.872583,1124.953247
Olow,03m,1,MC,26b,3,S,U,2004,4.044796,8.565151,2005,199.500686,105.855775,0,0,NA,NA,506.872583,1124.953247
Olow,03m,1,MC,26f,3,S,S,2004,14.136737,20.336573,2005,27.659808,33.502429,1,0,NA,NA,506.872583,1124.953247
Olow,03m,1,MC,26h,3,U,U,2004,69.555956,57.672833,2005,199.500686,105.855775,1,0,NA,NA,506.872583,1124.953247
Olow,03m,1,MC,26l,3,S,U,2004,8.188582,16.816317,2005,199.500686,105.855775,0,0,NA,NA,506.872583,1124.953247
Olow,03m,1,MC,35,3,S,U,2004,46.924896,50.550852,2005,161.075446,64.706701,0,0,NA,NA,506.872583,1124.953247
Olow,03m,1,MC,42,3,S,D,2004,4.399405,9.082072,2005,NA,NA,0,NA,NA,NA,506.872583,1124.953247
Olow,03m,1,MC,43,3,S,U,2004,5.784008,10.901434,2005,115.888889,81.285626,1,0,NA,NA,506.872583,1124.953247
Olow,03m,1,MC,44,3,S,S,2004,27.070562,25.909926,2005,22.957476,27.491636,1,0,NA,NA,506.872583,1124.953247
Olow,03m,1,MC,46,3,S,U,2004,51.612499,35.856345,2005,161.075446,64.706701,1,0,NA,NA,506.872583,1124.953247
Olow,03m,1,MC,48a,3,NA,I,2004,14.339729,20.046577,2005,20.521262,21.70083,NA,NA,1,clonal,506.872583,1124.953247
Olow,03m,1,MC,48,3,U,I,2004,14.339729,20.046577,2005,47.736626,31.45037,1,1,1,NA,506.872583,1124.953247
Olow,03m,1,MC,52,3,R,D,2004,0.964837,4.115952,2005,NA,NA,0,NA,NA,NA,506.872583,1124.953247
Olow,03m,1,MC,53,3,R,D,2004,1.205419,4.480608,2005,NA,NA,0,NA,NA,NA,506.872583,1124.953247
Olow,03m,1,MC,54,3,R,D,2004,3.438327,7.784916,2005,NA,NA,0,NA,NA,NA,506.872583,1124.953247
Olow,03m,1,MC,55,3,R,U,2004,1.760514,5.209003,2005,120.8107,92.440393,0,0,NA,NA,506.872583,1124.953247
Olow,03m,1,MC,56,3,R,U,2004,2.368236,7.035785,2005,120.8107,92.440393,0,0,NA,NA,506.872583,1124.953247
Olow,03m,1,MC,57,3,NA,R,2004,NA,NA,2005,6.938272,12.256892,NA,NA,NA,sexual,506.872583,1124.953247
Olow,03m,1,MC,58,3,NA,R,2004,NA,NA,2005,21.08642,23.167422,NA,NA,NA,sexual,506.872583,1124.953247
Olow,03m,1,MC,59,3,NA,R,2004,NA,NA,2005,9.200274,18.942116,NA,NA,NA,sexual,506.872583,1124.953247
Olow,03m,2,MC,1,3,I,S,2004,291.152597,107.950276,2005,297.313912,128.777469,1,0,NA,NA,414.692367,414.692367
Olow,03m,2,MC,01a,3,I,D,2004,2.995034,7.510474,2005,NA,NA,0,NA,NA,NA,414.692367,414.692367
Olow,03m,2,MC,7,3,S,S,2004,31.076172,26.123432,2005,33.601665,27.548874,1,0,NA,NA,414.692367,414.692367
Olow,03m,2,MC,07b,3,S,S,2004,7.14418,15.523645,2005,6.510107,13.456592,1,0,NA,NA,414.692367,414.692367
Olow,03m,2,MC,11,3,U,U,2004,31.253935,29.468545,2005,36.090369,27.229445,1,0,NA,NA,414.692367,414.692367
Olow,03m,2,MC,11b,3,S,U,2004,22.134164,25.441701,2005,36.090369,27.229445,0,0,NA,NA,414.692367,414.692367
Olow,03m,2,MC,12,3,S,S,2004,19.960609,21.147676,2005,19.631391,21.410697,1,0,NA,NA,414.692367,414.692367
Olow,03m,2,MC,13,3,S,D,2004,5.936201,12.282011,2005,NA,NA,0,NA,NA,NA,414.692367,414.692367
Olow,03m,2,MC,14,3,R,D,2004,3.039475,7.609054,2005,NA,NA,0,NA,NA,NA,414.692367,414.692367
Olow,03m,3,MC,01d,3,NA,I,2004,22.882118,30.352662,2005,6.065741,13.13124,NA,NA,3,clonal,104.524471,270.441368
Olow,03m,3,MC,01e,3,NA,I,2004,22.882118,30.352662,2005,0.751887,4.184991,NA,NA,3,clonal,104.524471,270.441368
Olow,03m,3,MC,01f,3,NA,I,2004,22.882118,30.352662,2005,6.382599,15.938119,NA,NA,3,clonal,104.524471,270.441368
Olow,03m,3,MC,1,3,I,I,2004,22.882118,30.352662,2005,22.072234,28.164397,1,1,3,NA,104.524471,270.441368
Olow,03m,3,MC,01b,3,I,S,2004,8.421053,14.676589,2005,16.633715,20.748838,1,0,NA,NA,104.524471,270.441368
Olow,03m,3,MC,01c,3,I,D,2004,3.242844,9.01913,2005,NA,NA,0,NA,NA,NA,104.524471,270.441368
Olow,03m,3,MC,4,3,I,U,2004,6.052324,9.65892,2005,12.505478,16.299979,1,0,NA,NA,104.524471,270.441368
Olow,03m,3,MC,04c,3,I,U,2004,3.848569,7.983526,2005,12.505478,16.299979,0,0,NA,NA,104.524471,270.441368
Olow,03m,3,MC,05a,3,NA,I,2004,37.904586,44.756207,2005,19.58802,27.749452,NA,NA,1,clonal,104.524471,270.441368
Olow,03m,3,MC,5,3,S,I,2004,37.904586,44.756207,2005,24.904472,30.652823,1,1,1,NA,104.524471,270.441368
Olow,03m,3,MC,11,3,S,S,2004,4.78301,9.275751,2005,8.753835,12.865872,1,0,NA,NA,104.524471,270.441368
Olow,03m,3,MC,12,3,S,S,2004,16.611881,26.05584,2005,25.514812,39.057781,1,0,NA,NA,104.524471,270.441368
Olow,03m,3,MC,15,3,S,D,2004,0.778086,3.657334,2005,NA,NA,0,NA,NA,NA,104.524471,270.441368
Olow,07m,1,MC,3,7,I,S,2004,29.795014,39.057943,2005,3.543592,9.463166,1,0,NA,NA,583.516159,1270.841492
Olow,07m,1,MC,03a,7,I,D,2004,7.95691,12.482662,2005,NA,NA,0,NA,NA,NA,583.516159,1270.841492
Olow,07m,1,MC,6,7,S,S,2004,11.916282,17.218472,2005,11.769225,20.987669,1,0,NA,NA,583.516159,1270.841492
Olow,07m,1,MC,10,7,S,S,2004,496.23638,137.505561,2005,579.185482,159.9462,1,0,NA,NA,583.516159,1270.841492
Olow,07m,1,MC,11,7,U,D,2004,37.611573,35.516274,2005,NA,NA,0,NA,NA,NA,583.516159,1270.841492
Olow,07m,1,MC,15,7,NA,R,2004,NA,NA,2005,47.535425,45.046944,NA,NA,NA,sexual,583.516159,1270.841492
Olow,07m,2,MC,2,7,S,S,2004,532.384198,194.478682,2005,699.03699,164.036237,1,0,NA,NA,685.265681,1223.375457
Olow,07m,2,MC,5,7,S,S,2004,54.835657,34.291866,2005,74.42602,40.20818,1,0,NA,NA,685.265681,1223.375457
Olow,07m,2,MC,8,7,U,S,2004,87.150706,58.037161,2005,114.52551,69.517428,1,0,NA,NA,685.265681,1223.375457
Olow,07m,2,MC,14,7,R,S,2004,9.718101,15.990645,2005,9.084184,17.286277,1,0,NA,NA,685.265681,1223.375457
Olow,07m,2,MC,15,7,R,D,2004,1.177019,4.41896,2005,NA,NA,0,NA,NA,NA,685.265681,1223.375457
Olow,07m,3,MC,01u,7,NA,I,2004,106.853678,105.748512,2005,4.645,10.050098,NA,NA,3,clonal,1741.609759,1741.609759
Olow,07m,3,MC,01v,7,NA,I,2004,106.853678,105.748512,2005,8.972981,16.299143,NA,NA,3,clonal,1741.609759,1741.609759
Olow,07m,3,MC,01w,7,NA,I,2004,106.853678,105.748512,2005,17.393375,18.70236,NA,NA,3,clonal,1741.609759,1741.609759
Olow,07m,3,MC,1,7,M,I,2004,106.853678,105.748512,2005,88.276294,73.126229,1,1,3,NA,1741.609759,1741.609759
Olow,07m,3,MC,01ga,7,NA,I,2004,1084.664183,361.339164,2005,170.829979,87.922384,NA,NA,1,clonal,1741.609759,1741.609759
Olow,07m,3,MC,01h,7,S,D,2004,4.895025,8.854233,2005,NA,NA,0,NA,NA,NA,1741.609759,1741.609759
Olow,07m,3,MC,01q,7,M,S,2004,336.023376,156.876723,2005,16.936017,22.782177,1,0,NA,NA,1741.609759,1741.609759
Olow,07m,3,MC,01qa,7,I,U,2004,38.194755,47.371848,2005,1705.415303,308.156176,0,0,NA,NA,1741.609759,1741.609759
Olow,07m,3,MC,01qb,7,I,U,2004,7.187085,13.81221,2005,1705.415303,308.156176,0,0,NA,NA,1741.609759,1741.609759
Olow,07m,3,MC,01r,7,I,U,2004,4.259186,9.141482,2005,1705.415303,308.156176,0,0,NA,NA,1741.609759,1741.609759
Olow,07m,3,MC,01s,7,I,U,2004,2.143619,6.846736,2005,1705.415303,308.156176,0,0,NA,NA,1741.609759,1741.609759
Olow,07m,3,MC,01t,7,I,U,2004,6.640076,11.144415,2005,1705.415303,308.156176,0,0,NA,NA,1741.609759,1741.609759
Olow,07m,3,MC,13,7,S,U,2004,137.043173,112.254791,2005,1705.415303,308.156176,0,0,NA,NA,1741.609759,1741.609759
Olow,07m,3,MC,13a,7,S,S,2004,13.705603,20.418623,2005,5.477015,9.869117,1,0,NA,NA,1741.609759,1741.609759
Olow,07m,4,MC,2,7,S,S,2004,438.00632,128.249709,2005,593.049602,169.514219,1,0,NA,NA,803.41626,1268.903189
Olow,07m,4,MC,3,7,S,S,2004,203.967825,94.689418,2005,176.559866,74.135457,1,0,NA,NA,803.41626,1268.903189
Olow,07m,4,MC,5,7,S,D,2004,97.360529,53.80904,2005,NA,NA,0,NA,NA,NA,803.41626,1268.903189
Olow,07m,4,MC,6,7,S,D,2004,64.081586,44.345062,2005,NA,NA,0,NA,NA,NA,803.41626,1268.903189
Olow,07m,4,MC,7,7,NA,R,2004,NA,NA,2005,1.254146,5.07583,NA,NA,NA,sexual,803.41626,1268.903189
